Geography,Date,Units,BodyType,Private male,Private female,Private unknown,Company,Between keepers,Total
England,1994 Q4 (end December),Thousands,Buses and coaches,27.9,3.5,1.3,92.7,[low],125.4
England,1995 Q4 (end December),Thousands,Buses and coaches,27.4,3.6,1.2,93.6,[low],125.8
England,1996 Q4 (end December),Thousands,Buses and coaches,28.5,3.8,1.3,95.8,0,129.4
England,1997 Q4 (end December),Thousands,Buses and coaches,28.9,4.1,1.4,97.5,0,132
England,1998 Q4 (end December),Thousands,Buses and coaches,28.5,4.2,1.4,99.4,0,133.6
England,1999 Q4 (end December),Thousands,Buses and coaches,28.7,4.3,1.6,104.5,0,139.1
England,2000 Q4 (end December),Thousands,Buses and coaches,28.2,4.2,1.7,109.6,0,143.6
England,2001 Q4 (end December),Thousands,Buses and coaches,27.6,4.1,1.7,109.3,0,142.5
England,2002 Q4 (end December),Thousands,Buses and coaches,27,3.9,1.7,111.2,0,143.9
England,2003 Q4 (end December),Thousands,Buses and coaches,26.7,3.8,1.9,112.6,0,145
England,2004 Q4 (end December),Thousands,Buses and coaches,27,3.8,1.9,113.6,0,146.3
England,2005 Q4 (end December),Thousands,Buses and coaches,26.8,3.7,1.9,115,0,147.4
England,2006 Q4 (end December),Thousands,Buses and coaches,26.4,3.7,1.9,114.1,0,146.2
England,2007 Q4 (end December),Thousands,Buses and coaches,26.1,3.7,1.8,114.4,0,146
England,2008 Q4 (end December),Thousands,Buses and coaches,25.2,3.6,1.7,114.7,0,145.3
England,2009 Q4 (end December),Thousands,Buses and coaches,24.9,3.7,1.7,114,0,144.3
England,2010 Q4 (end December),Thousands,Buses and coaches,23.9,3.6,1.8,112.8,0,142.1
England,2011 Q4 (end December),Thousands,Buses and coaches,22.8,3.5,1.8,111.2,0,139.4
England,2012 Q4 (end December),Thousands,Buses and coaches,22,3.4,1.7,111.4,0,138.6
England,2013 Q4 (end December),Thousands,Buses and coaches,21.6,3.3,1.7,110.6,0,137.2
England,2014 Q4 (end December),Thousands,Buses and coaches,21.2,3.3,1.6,109.8,0,135.9
England,2015 Q4 (end December),Thousands,Buses and coaches,21,3.4,1.6,109.6,0,135.6
England,2016 Q4 (end December),Thousands,Buses and coaches,21,3.4,1.6,109.7,0,135.8
England,2017 Q4 (end December),Thousands,Buses and coaches,20.5,3.3,1.6,107.6,0,132.9
England,2018 Q4 (end December),Thousands,Buses and coaches,19.7,3.3,1.5,105.2,0,129.7
England,2019 Q4 (end December),Thousands,Buses and coaches,19.2,3.2,1.4,103.4,0,127.2
England,2020 Q4 (end December),Thousands,Buses and coaches,18.1,3.2,1.2,92.3,0,114.8
England,2021 Q4 (end December),Thousands,Buses and coaches,19.1,3.4,1.1,93.8,0,117.4
England,2022 Q4 (end December),Thousands,Buses and coaches,18.6,3.2,1,92.4,0,115.3
England,2023 Q4 (end December),Thousands,Buses and coaches,17.6,3.1,0.9,92.4,0,114
England,2024 Q4 (end December),Thousands,Buses and coaches,16.7,2.9,0.9,94.9,0,115.4
England,2025 Q4 (end December),Thousands,Buses and coaches,16.2,2.8,0.8,96.1,0,115.9
England,1994 Q4 (end December),Thousands,Cars,"10,532.10","5,088.20",417.1,"1,972.30",[low],"18,009.70"
England,1995 Q4 (end December),Thousands,Cars,"10,522.40","5,238.90",444.6,"2,006.20",[low],"18,212.10"
England,1996 Q4 (end December),Thousands,Cars,"10,853.00","5,570.40",490.8,"2,050.30",[low],"18,964.60"
England,1997 Q4 (end December),Thousands,Cars,"11,039.60","5,821.90",527.1,"2,153.80",[low],"19,542.50"
England,1998 Q4 (end December),Thousands,Cars,"11,216.80","6,036.00",571,"2,177.40",[low],"20,001.20"
England,1999 Q4 (end December),Thousands,Cars,"11,445.00","6,261.30",626.5,"2,139.50",0,"20,472.40"
England,2000 Q4 (end December),Thousands,Cars,"11,587.00","6,468.10",672.8,"2,286.90",0,"21,014.80"
England,2001 Q4 (end December),Thousands,Cars,"11,856.40","6,736.00",736,"2,212.80",0,"21,541.20"
England,2002 Q4 (end December),Thousands,Cars,"12,133.20","7,007.60",807.1,"2,104.80",0,"22,052.70"
England,2003 Q4 (end December),Thousands,Cars,"12,276.30","7,189.00",904.6,"2,012.90",0,"22,382.80"
England,2004 Q4 (end December),Thousands,Cars,"12,487.20","7,394.30",969.9,"2,072.50",0,"22,923.80"
England,2005 Q4 (end December),Thousands,Cars,"12,614.40","7,617.30","1,013.20","2,182.90",0,"23,427.80"
England,2006 Q4 (end December),Thousands,Cars,"12,538.40","7,756.60","1,036.90","2,132.90",0,"23,464.70"
England,2007 Q4 (end December),Thousands,Cars,"12,618.00","7,931.50","1,054.30","2,172.00",0,"23,775.80"
England,2008 Q4 (end December),Thousands,Cars,"12,666.80","8,089.70","1,055.60","2,184.40",0,"23,996.60"
England,2009 Q4 (end December),Thousands,Cars,"12,667.40","8,219.00","1,064.80","2,087.20",0,"24,038.40"
England,2010 Q4 (end December),Thousands,Cars,"12,613.80","8,330.00","1,096.20","2,058.00",0,"24,098.00"
England,2011 Q4 (end December),Thousands,Cars,"12,555.70","8,409.30","1,119.50","2,083.40",0,"24,167.80"
England,2012 Q4 (end December),Thousands,Cars,"12,580.50","8,515.60","1,133.80","2,113.00",0,"24,342.80"
England,2013 Q4 (end December),Thousands,Cars,"12,717.30","8,632.20","1,153.10","2,179.50",0,"24,682.00"
England,2014 Q4 (end December),Thousands,Cars,"12,878.50","8,767.10","1,181.10","2,264.40",0,"25,091.20"
England,2015 Q4 (end December),Thousands,Cars,"13,090.10","8,927.90","1,222.10","2,367.40",0,"25,607.50"
England,2016 Q4 (end December),Thousands,Cars,"13,374.70","9,151.80","1,256.00","2,500.80",0,"26,283.30"
England,2017 Q4 (end December),Thousands,Cars,"13,494.70","9,302.60","1,255.80","2,522.20",0,"26,575.30"
England,2018 Q4 (end December),Thousands,Cars,"13,624.40","9,447.30","1,247.90","2,519.70",0,"26,839.20"
England,2019 Q4 (end December),Thousands,Cars,"13,810.80","9,622.40","1,234.70","2,478.30",0,"27,146.10"
England,2020 Q4 (end December),Thousands,Cars,"13,823.10","9,689.00","1,192.60","2,331.40",0,"27,036.10"
England,2021 Q4 (end December),Thousands,Cars,"13,877.20","9,747.00","1,160.40","2,339.70",0,"27,124.30"
England,2022 Q4 (end December),Thousands,Cars,"13,947.00","9,812.90","1,148.80","2,479.80",0,"27,388.50"
England,2023 Q4 (end December),Thousands,Cars,"14,038.00","9,897.10","1,150.00","2,636.80",0,"27,721.90"
England,2024 Q4 (end December),Thousands,Cars,"14,158.60","9,994.30","1,138.00","2,760.80",0,"28,051.70"
England,2025 Q4 (end December),Thousands,Cars,"14,305.00","10,113.00","1,130.70","2,952.00",0,"28,500.70"
England,1994 Q4 (end December),Thousands,Heavy goods vehicles,53.7,7.2,2.1,292.7,[low],355.8
England,1995 Q4 (end December),Thousands,Heavy goods vehicles,51.8,7.3,2.1,298,[low],359.2
England,1996 Q4 (end December),Thousands,Heavy goods vehicles,51.9,8.3,2.3,304,[low],366.5
England,1997 Q4 (end December),Thousands,Heavy goods vehicles,51.2,8.7,2.4,312.6,[low],374.9
England,1998 Q4 (end December),Thousands,Heavy goods vehicles,50.1,9.4,2.5,320,[low],382
England,1999 Q4 (end December),Thousands,Heavy goods vehicles,50.3,10.1,2.8,333.6,0,396.7
England,2000 Q4 (end December),Thousands,Heavy goods vehicles,48.9,10.6,3,347.6,0,410.1
England,2001 Q4 (end December),Thousands,Heavy goods vehicles,48.1,10.7,3.2,353.1,0,415.2
England,2002 Q4 (end December),Thousands,Heavy goods vehicles,48.6,11.7,3.7,357.1,0,421
England,2003 Q4 (end December),Thousands,Heavy goods vehicles,49.7,12.6,4.3,359.4,0,426
England,2004 Q4 (end December),Thousands,Heavy goods vehicles,52.9,13.8,4.7,364.8,0,436.2
England,2005 Q4 (end December),Thousands,Heavy goods vehicles,54.3,14.7,4.8,364.9,0,438.6
England,2006 Q4 (end December),Thousands,Heavy goods vehicles,55.2,15.3,4.8,362.3,0,437.6
England,2007 Q4 (end December),Thousands,Heavy goods vehicles,56,16,4.6,362.9,0,439.5
England,2008 Q4 (end December),Thousands,Heavy goods vehicles,54.7,16.3,4.4,351.6,0,427.1
England,2009 Q4 (end December),Thousands,Heavy goods vehicles,55,16.8,4.5,335.1,0,411.3
England,2010 Q4 (end December),Thousands,Heavy goods vehicles,54.2,16.8,4.7,328.2,0,403.8
England,2011 Q4 (end December),Thousands,Heavy goods vehicles,53.6,17.1,4.7,323.8,0,399.2
England,2012 Q4 (end December),Thousands,Heavy goods vehicles,53,17.3,4.5,321.3,0,396.1
England,2013 Q4 (end December),Thousands,Heavy goods vehicles,52.8,17.5,4.5,328.5,0,403.3
England,2014 Q4 (end December),Thousands,Heavy goods vehicles,53.1,17.7,4.5,331.9,0,407.2
England,2015 Q4 (end December),Thousands,Heavy goods vehicles,53.9,18.2,4.7,338.4,0,415.2
England,2016 Q4 (end December),Thousands,Heavy goods vehicles,55.5,18.8,5,347.7,0,427
England,2017 Q4 (end December),Thousands,Heavy goods vehicles,56.4,19.2,5,351.3,0,431.8
England,2018 Q4 (end December),Thousands,Heavy goods vehicles,56.8,19.2,4.9,352.1,0,433
England,2019 Q4 (end December),Thousands,Heavy goods vehicles,57.2,19.5,4.8,353.3,0,434.9
England,2020 Q4 (end December),Thousands,Heavy goods vehicles,54.2,18.8,4.3,344.2,0,421.5
England,2021 Q4 (end December),Thousands,Heavy goods vehicles,57.6,19.5,4.2,356.1,0,437.3
England,2022 Q4 (end December),Thousands,Heavy goods vehicles,57.9,19.3,3.9,362.9,0,444
England,2023 Q4 (end December),Thousands,Heavy goods vehicles,57.9,19,3.7,361.1,0,441.7
England,2024 Q4 (end December),Thousands,Heavy goods vehicles,58.4,18.8,3.6,359.8,0,440.7
England,2025 Q4 (end December),Thousands,Heavy goods vehicles,59.6,18.7,3.6,362.7,0,444.6
England,1994 Q4 (end December),Thousands,Light goods vehicles,847.9,88.2,14.8,851.2,[low],"1,802.00"
England,1995 Q4 (end December),Thousands,Light goods vehicles,835.9,86.8,15.3,860.4,[low],"1,798.50"
England,1996 Q4 (end December),Thousands,Light goods vehicles,862.9,88.9,16.9,878.5,[low],"1,847.30"
England,1997 Q4 (end December),Thousands,Light goods vehicles,876.8,90,18.3,923,[low],"1,908.10"
England,1998 Q4 (end December),Thousands,Light goods vehicles,887.5,89.5,20.2,966.2,[low],"1,963.40"
England,1999 Q4 (end December),Thousands,Light goods vehicles,897.9,89.9,22.6,"1,003.40",0,"2,013.80"
England,2000 Q4 (end December),Thousands,Light goods vehicles,888.2,87.6,24.6,"1,066.30",0,"2,066.70"
England,2001 Q4 (end December),Thousands,Light goods vehicles,902.1,86.6,27,"1,116.00",0,"2,131.70"
England,2002 Q4 (end December),Thousands,Light goods vehicles,926.3,86.3,30.9,"1,154.10",0,"2,197.60"
England,2003 Q4 (end December),Thousands,Light goods vehicles,965.1,87.8,37.7,"1,197.30",0,"2,287.90"
England,2004 Q4 (end December),Thousands,Light goods vehicles,"1,037.10",92.6,41.8,"1,249.20",0,"2,420.80"
England,2005 Q4 (end December),Thousands,Light goods vehicles,"1,089.90",97.2,44.3,"1,291.90",0,"2,523.30"
England,2006 Q4 (end December),Thousands,Light goods vehicles,"1,121.20",100.1,47.1,"1,313.30",[low],"2,581.70"
England,2007 Q4 (end December),Thousands,Light goods vehicles,"1,169.00",103.6,49.1,"1,362.70",[low],"2,684.30"
England,2008 Q4 (end December),Thousands,Light goods vehicles,"1,194.50",105.9,50.1,"1,374.30",0,"2,724.80"
England,2009 Q4 (end December),Thousands,Light goods vehicles,"1,240.30",111.8,52.1,"1,313.10",0,"2,717.20"
England,2010 Q4 (end December),Thousands,Light goods vehicles,"1,254.90",113.8,57.5,"1,301.90",0,"2,728.10"
England,2011 Q4 (end December),Thousands,Light goods vehicles,"1,262.80",116.2,62.8,"1,324.20",0,"2,766.00"
England,2012 Q4 (end December),Thousands,Light goods vehicles,"1,278.80",118.4,63.4,"1,331.90",0,"2,792.40"
England,2013 Q4 (end December),Thousands,Light goods vehicles,"1,303.70",121.5,64.1,"1,367.00",0,"2,856.40"
England,2014 Q4 (end December),Thousands,Light goods vehicles,"1,329.70",126.4,67.2,"1,432.10",0,"2,955.30"
England,2015 Q4 (end December),Thousands,Light goods vehicles,"1,371.50",134.2,72.7,"1,510.30",0,"3,088.80"
England,2016 Q4 (end December),Thousands,Light goods vehicles,"1,427.80",142.9,77.5,"1,586.00",0,"3,234.30"
England,2017 Q4 (end December),Thousands,Light goods vehicles,"1,462.70",150.6,79.1,"1,637.40",0,"3,329.90"
England,2018 Q4 (end December),Thousands,Light goods vehicles,"1,496.30",159.2,79.2,"1,695.10",0,"3,429.80"
England,2019 Q4 (end December),Thousands,Light goods vehicles,"1,539.70",168.6,76.4,"1,737.40",0,"3,522.10"
England,2020 Q4 (end December),Thousands,Light goods vehicles,"1,590.50",176.9,69.9,"1,763.90",0,"3,601.20"
England,2021 Q4 (end December),Thousands,Light goods vehicles,"1,639.30",191.5,65.1,"1,858.20",0,"3,754.10"
England,2022 Q4 (end December),Thousands,Light goods vehicles,"1,654.50",201.6,60.8,"1,902.80",0,"3,819.70"
England,2023 Q4 (end December),Thousands,Light goods vehicles,"1,661.90",211.2,57,"1,951.60",0,"3,881.70"
England,2024 Q4 (end December),Thousands,Light goods vehicles,"1,692.20",222.1,54.8,"1,970.90",0,"3,940.00"
England,2025 Q4 (end December),Thousands,Light goods vehicles,"1,739.50",235.1,52.8,"1,981.30",0,"4,008.80"
England,1994 Q4 (end December),Thousands,Motorcycles,542.1,68,5.8,19.6,[low],635.4
England,1995 Q4 (end December),Thousands,Motorcycles,531.1,62.2,5.9,20.8,[low],620.1
England,1996 Q4 (end December),Thousands,Motorcycles,559,60.4,6.7,24.9,[low],651
England,1997 Q4 (end December),Thousands,Motorcycles,579.6,55.6,7.6,27.6,[low],670.4
England,1998 Q4 (end December),Thousands,Motorcycles,634.1,56.4,9,28.5,[low],728
England,1999 Q4 (end December),Thousands,Motorcycles,691.6,60.1,10.7,30.5,0,792.8
England,2000 Q4 (end December),Thousands,Motorcycles,745.3,65.5,12,33.5,0,856.3
England,2001 Q4 (end December),Thousands,Motorcycles,788.2,69.8,13.4,33.3,0,904.7
England,2002 Q4 (end December),Thousands,Motorcycles,833.2,72.7,14.8,34.1,0,954.8
England,2003 Q4 (end December),Thousands,Motorcycles,877.9,74.1,17.9,38.5,0,"1,008.30"
England,2004 Q4 (end December),Thousands,Motorcycles,921.7,75.4,19,35.8,0,"1,051.90"
England,2005 Q4 (end December),Thousands,Motorcycles,934.5,75.2,19.6,36.8,0,"1,066.10"
England,2006 Q4 (end December),Thousands,Motorcycles,935.2,73.9,21,34.3,0,"1,064.40"
England,2007 Q4 (end December),Thousands,Motorcycles,962.9,74.1,22,37.1,0,"1,096.20"
England,2008 Q4 (end December),Thousands,Motorcycles,984.4,75.5,22.7,36.8,0,"1,119.50"
England,2009 Q4 (end December),Thousands,Motorcycles,987.1,75.1,23.5,33.6,0,"1,119.30"
England,2010 Q4 (end December),Thousands,Motorcycles,951.2,70.6,29.7,32.4,0,"1,083.90"
England,2011 Q4 (end December),Thousands,Motorcycles,955.8,69.4,34.5,31.7,0,"1,091.40"
England,2012 Q4 (end December),Thousands,Motorcycles,943.6,67.5,36.5,31.3,0,"1,078.90"
England,2013 Q4 (end December),Thousands,Motorcycles,938.9,64.9,37.3,31,0,"1,072.00"
England,2014 Q4 (end December),Thousands,Motorcycles,934.4,63.4,39.2,30.6,0,"1,067.60"
England,2015 Q4 (end December),Thousands,Motorcycles,948.2,63.2,42.2,30.2,0,"1,083.80"
England,2016 Q4 (end December),Thousands,Motorcycles,966.3,63,45,33,0,"1,107.30"
England,2017 Q4 (end December),Thousands,Motorcycles,954.6,61,45.5,31.6,0,"1,092.60"
England,2018 Q4 (end December),Thousands,Motorcycles,964.5,59.4,45.1,30.7,0,"1,099.70"
England,2019 Q4 (end December),Thousands,Motorcycles,963.7,57.4,52.2,31.1,0,"1,104.40"
England,2020 Q4 (end December),Thousands,Motorcycles,980.6,56.5,58.7,29.6,0,"1,125.40"
England,2021 Q4 (end December),Thousands,Motorcycles,"1,007.30",57.7,60.3,32.8,0,"1,158.00"
England,2022 Q4 (end December),Thousands,Motorcycles,"1,019.70",58.8,62,36.1,0,"1,176.60"
England,2023 Q4 (end December),Thousands,Motorcycles,"1,009.10",57.9,62,37.8,0,"1,166.80"
England,2024 Q4 (end December),Thousands,Motorcycles,"1,008.60",57.3,64.2,36.9,0,"1,167.00"
England,2025 Q4 (end December),Thousands,Motorcycles,"1,016.30",57.7,62.5,34.1,0,"1,170.70"
England,1994 Q4 (end December),Thousands,Other vehicles,174.5,10.4,9.4,277.4,[low],471.6
England,1995 Q4 (end December),Thousands,Other vehicles,170.5,10.1,9.3,262.5,[low],452.5
England,1996 Q4 (end December),Thousands,Other vehicles,171.6,10.4,9.6,257.1,[low],448.5
England,1997 Q4 (end December),Thousands,Other vehicles,170.3,10.5,9.7,256.4,[low],447
England,1998 Q4 (end December),Thousands,Other vehicles,171.9,10.9,9.9,249.1,0,441.8
England,1999 Q4 (end December),Thousands,Other vehicles,170,10.9,10,235.4,0,426.4
England,2000 Q4 (end December),Thousands,Other vehicles,166.4,10.6,9.8,221.8,0,408.6
England,2001 Q4 (end December),Thousands,Other vehicles,163.4,10.4,9.8,215.2,0,398.7
England,2002 Q4 (end December),Thousands,Other vehicles,164.2,10,10.2,215.4,0,399.8
England,2003 Q4 (end December),Thousands,Other vehicles,166.2,9.9,10.9,217.5,0,404.5
England,2004 Q4 (end December),Thousands,Other vehicles,173.5,10.2,12.2,222.1,0,418
England,2005 Q4 (end December),Thousands,Other vehicles,177.1,10.3,12.2,223.8,0,423.4
England,2006 Q4 (end December),Thousands,Other vehicles,177.4,10.3,12.1,224,0,423.8
England,2007 Q4 (end December),Thousands,Other vehicles,186.8,14.7,12,229.2,0,442.7
England,2008 Q4 (end December),Thousands,Other vehicles,194.5,18.6,11.9,237.1,0,462
England,2009 Q4 (end December),Thousands,Other vehicles,202.1,21.6,11.9,240.2,0,475.8
England,2010 Q4 (end December),Thousands,Other vehicles,205.6,23.8,12.2,245.2,0,486.8
England,2011 Q4 (end December),Thousands,Other vehicles,209.7,25,12.8,258,0,505.4
England,2012 Q4 (end December),Thousands,Other vehicles,213.4,26.4,12.8,273.4,0,526
England,2013 Q4 (end December),Thousands,Other vehicles,218,28.6,12.8,282,0,541.4
England,2014 Q4 (end December),Thousands,Other vehicles,220.4,30.5,13,288,0,552
England,2015 Q4 (end December),Thousands,Other vehicles,222.9,31.7,13.1,295.1,0,562.8
England,2016 Q4 (end December),Thousands,Other vehicles,225.6,33.2,13.1,303.5,0,575.4
England,2017 Q4 (end December),Thousands,Other vehicles,230.4,34.6,13.3,312.3,0,590.6
England,2018 Q4 (end December),Thousands,Other vehicles,232.3,35.6,13.1,317.6,0,598.6
England,2019 Q4 (end December),Thousands,Other vehicles,233.3,36.4,13.4,323.8,0,606.9
England,2020 Q4 (end December),Thousands,Other vehicles,231.8,37.3,13.5,324.4,0,606.9
England,2021 Q4 (end December),Thousands,Other vehicles,233.7,38.6,13.6,337.6,0,623.5
England,2022 Q4 (end December),Thousands,Other vehicles,234.8,39.8,14.1,345,0,633.6
England,2023 Q4 (end December),Thousands,Other vehicles,234,40.9,14.4,353.3,0,642.6
England,2024 Q4 (end December),Thousands,Other vehicles,234.9,42.4,14.5,362.5,0,654.3
England,2025 Q4 (end December),Thousands,Other vehicles,234.4,43.5,14.5,359.8,0,652.1
England,1994 Q4 (end December),Thousands,Total,"12,178.30","5,265.50",450.4,"3,505.80",0.1,"21,400.00"
England,1995 Q4 (end December),Thousands,Total,"12,139.10","5,409.00",478.5,"3,541.50",0.1,"21,568.20"
England,1996 Q4 (end December),Thousands,Total,"12,527.00","5,742.20",527.6,"3,610.60",0.1,"22,407.30"
England,1997 Q4 (end December),Thousands,Total,"12,746.50","5,990.80",566.5,"3,770.90",[low],"23,074.80"
England,1998 Q4 (end December),Thousands,Total,"12,988.90","6,206.40",614.1,"3,840.60",[low],"23,649.90"
England,1999 Q4 (end December),Thousands,Total,"13,283.50","6,436.60",674.2,"3,846.70",0,"24,241.10"
England,2000 Q4 (end December),Thousands,Total,"13,464.00","6,646.60",723.8,"4,065.70",0,"24,900.10"
England,2001 Q4 (end December),Thousands,Total,"13,785.80","6,917.50",791.1,"4,039.70",0,"25,534.10"
England,2002 Q4 (end December),Thousands,Total,"14,132.50","7,192.10",868.4,"3,976.80",0,"26,169.80"
England,2003 Q4 (end December),Thousands,Total,"14,361.80","7,377.20",977.3,"3,938.20",0,"26,654.40"
England,2004 Q4 (end December),Thousands,Total,"14,699.30","7,590.10","1,049.50","4,058.00",0,"27,396.90"
England,2005 Q4 (end December),Thousands,Total,"14,896.90","7,818.50","1,096.10","4,215.30",0,"28,026.70"
England,2006 Q4 (end December),Thousands,Total,"14,853.80","7,959.90","1,123.70","4,181.00",[low],"28,118.50"
England,2007 Q4 (end December),Thousands,Total,"15,018.70","8,143.70","1,143.90","4,278.30",[low],"28,584.60"
England,2008 Q4 (end December),Thousands,Total,"15,120.20","8,309.70","1,146.50","4,298.90",0,"28,875.30"
England,2009 Q4 (end December),Thousands,Total,"15,176.70","8,447.80","1,158.50","4,123.20",0,"28,906.30"
England,2010 Q4 (end December),Thousands,Total,"15,103.60","8,558.50","1,202.10","4,078.50",0,"28,942.80"
England,2011 Q4 (end December),Thousands,Total,"15,060.40","8,640.50","1,236.10","4,132.30",0,"29,069.20"
England,2012 Q4 (end December),Thousands,Total,"15,091.30","8,748.50","1,252.80","4,182.20",0,"29,274.80"
England,2013 Q4 (end December),Thousands,Total,"15,252.30","8,868.00","1,273.40","4,298.60",0,"29,692.30"
England,2014 Q4 (end December),Thousands,Total,"15,437.30","9,008.60","1,306.70","4,456.60",0,"30,209.20"
England,2015 Q4 (end December),Thousands,Total,"15,707.70","9,178.60","1,356.40","4,651.10",0,"30,893.70"
England,2016 Q4 (end December),Thousands,Total,"16,070.90","9,413.10","1,398.20","4,880.80",0,"31,763.00"
England,2017 Q4 (end December),Thousands,Total,"16,219.30","9,571.40","1,400.20","4,962.30",0,"32,153.20"
England,2018 Q4 (end December),Thousands,Total,"16,394.00","9,724.10","1,391.70","5,020.30",0,"32,530.00"
England,2019 Q4 (end December),Thousands,Total,"16,623.90","9,907.60","1,382.90","5,027.30",0,"32,941.70"
England,2020 Q4 (end December),Thousands,Total,"16,698.20","9,981.70","1,340.10","4,885.80",0,"32,905.80"
England,2021 Q4 (end December),Thousands,Total,"16,834.00","10,057.60","1,304.80","5,018.20",0,"33,214.60"
England,2022 Q4 (end December),Thousands,Total,"16,932.50","10,135.50","1,290.60","5,218.90",0,"33,577.60"
England,2023 Q4 (end December),Thousands,Total,"17,018.50","10,229.20","1,288.00","5,433.00",0,"33,968.70"
England,2024 Q4 (end December),Thousands,Total,"17,169.40","10,337.90","1,276.00","5,585.90",0,"34,369.10"
England,2025 Q4 (end December),Thousands,Total,"17,371.00","10,470.80","1,264.80","5,786.00",0,"34,892.60"
Scotland,1994 Q4 (end December),Thousands,Buses and coaches,2.7,0.3,0.1,12.5,0,15.6
Scotland,1995 Q4 (end December),Thousands,Buses and coaches,2.5,0.3,0.1,12.5,0,15.4
Scotland,1996 Q4 (end December),Thousands,Buses and coaches,2.6,0.3,0.1,12.9,0,15.9
Scotland,1997 Q4 (end December),Thousands,Buses and coaches,2.7,0.3,0.1,13.3,0,16.4
Scotland,1998 Q4 (end December),Thousands,Buses and coaches,2.6,0.3,0.1,12.9,0,15.9
Scotland,1999 Q4 (end December),Thousands,Buses and coaches,2.8,0.3,0.2,13.2,0,16.5
Scotland,2000 Q4 (end December),Thousands,Buses and coaches,2.7,0.3,0.2,13.6,0,16.8
Scotland,2001 Q4 (end December),Thousands,Buses and coaches,2.7,0.3,0.2,13.7,0,16.8
Scotland,2002 Q4 (end December),Thousands,Buses and coaches,2.6,0.3,0.2,13.8,0,16.9
Scotland,2003 Q4 (end December),Thousands,Buses and coaches,2.6,0.3,0.2,14.1,0,17.1
Scotland,2004 Q4 (end December),Thousands,Buses and coaches,2.6,0.3,0.2,14.4,0,17.6
Scotland,2005 Q4 (end December),Thousands,Buses and coaches,2.6,0.3,0.2,14.8,0,17.8
Scotland,2006 Q4 (end December),Thousands,Buses and coaches,2.5,0.3,0.2,14.5,0,17.5
Scotland,2007 Q4 (end December),Thousands,Buses and coaches,2.5,0.3,0.2,14.6,0,17.5
Scotland,2008 Q4 (end December),Thousands,Buses and coaches,2.4,0.3,0.2,14.3,0,17.2
Scotland,2009 Q4 (end December),Thousands,Buses and coaches,2.4,0.3,0.2,13.8,0,16.7
Scotland,2010 Q4 (end December),Thousands,Buses and coaches,2.2,0.3,0.2,13.6,0,16.3
Scotland,2011 Q4 (end December),Thousands,Buses and coaches,2.1,0.3,0.2,13.4,0,15.9
Scotland,2012 Q4 (end December),Thousands,Buses and coaches,2,0.2,0.2,13.1,0,15.6
Scotland,2013 Q4 (end December),Thousands,Buses and coaches,1.9,0.2,0.2,12.9,0,15.3
Scotland,2014 Q4 (end December),Thousands,Buses and coaches,1.9,0.2,0.2,12.9,0,15.2
Scotland,2015 Q4 (end December),Thousands,Buses and coaches,1.9,0.2,0.2,12.7,0,15.1
Scotland,2016 Q4 (end December),Thousands,Buses and coaches,1.9,0.3,0.2,12.6,0,14.9
Scotland,2017 Q4 (end December),Thousands,Buses and coaches,1.9,0.3,0.2,12.4,0,14.7
Scotland,2018 Q4 (end December),Thousands,Buses and coaches,1.8,0.2,0.2,12.3,0,14.5
Scotland,2019 Q4 (end December),Thousands,Buses and coaches,1.8,0.3,0.2,12,0,14.2
Scotland,2020 Q4 (end December),Thousands,Buses and coaches,1.7,0.2,0.1,10.5,0,12.5
Scotland,2021 Q4 (end December),Thousands,Buses and coaches,1.8,0.3,0.1,10.9,0,13.1
Scotland,2022 Q4 (end December),Thousands,Buses and coaches,1.8,0.3,0.1,10.7,0,12.9
Scotland,2023 Q4 (end December),Thousands,Buses and coaches,1.7,0.3,0.1,10.6,0,12.6
Scotland,2024 Q4 (end December),Thousands,Buses and coaches,1.6,0.2,0.1,10.7,0,12.6
Scotland,2025 Q4 (end December),Thousands,Buses and coaches,1.5,0.2,0.1,10.9,0,12.8
Scotland,1994 Q4 (end December),Thousands,Cars,988.4,419.9,41.2,139.3,[low],"1,588.70"
Scotland,1995 Q4 (end December),Thousands,Cars,990,436.2,43.8,139.4,[low],"1,609.40"
Scotland,1996 Q4 (end December),Thousands,Cars,"1,017.70",465.4,48.6,146.5,[low],"1,678.30"
Scotland,1997 Q4 (end December),Thousands,Cars,"1,035.70",491,51.8,151.6,[low],"1,730.20"
Scotland,1998 Q4 (end December),Thousands,Cars,"1,051.60",512.7,54.9,158.9,[low],"1,778.00"
Scotland,1999 Q4 (end December),Thousands,Cars,"1,074.00",536.5,58.3,158.2,0,"1,826.90"
Scotland,2000 Q4 (end December),Thousands,Cars,"1,087.70",559.2,61.9,167.1,0,"1,876.00"
Scotland,2001 Q4 (end December),Thousands,Cars,"1,117.40",589.6,66.4,165.4,0,"1,938.80"
Scotland,2002 Q4 (end December),Thousands,Cars,"1,146.20",620.6,72.6,154.1,0,"1,993.50"
Scotland,2003 Q4 (end December),Thousands,Cars,"1,163.00",645.6,80.1,142.3,0,"2,031.00"
Scotland,2004 Q4 (end December),Thousands,Cars,"1,181.90",664,85.5,145.3,0,"2,076.80"
Scotland,2005 Q4 (end December),Thousands,Cars,"1,199.20",686.9,90.1,163.1,0,"2,139.20"
Scotland,2006 Q4 (end December),Thousands,Cars,"1,199.40",701.9,93.4,162.1,0,"2,156.80"
Scotland,2007 Q4 (end December),Thousands,Cars,"1,215.00",722.2,96.5,167.1,0,"2,200.80"
Scotland,2008 Q4 (end December),Thousands,Cars,"1,226.60",739.5,98,169.2,0,"2,233.20"
Scotland,2009 Q4 (end December),Thousands,Cars,"1,227.80",751.7,99.5,170.6,0,"2,249.60"
Scotland,2010 Q4 (end December),Thousands,Cars,"1,220.10",760.1,103.1,171.2,0,"2,254.50"
Scotland,2011 Q4 (end December),Thousands,Cars,"1,216.20",768.4,105.8,174.1,0,"2,264.40"
Scotland,2012 Q4 (end December),Thousands,Cars,"1,221.10",780.2,107.3,176.5,0,"2,285.10"
Scotland,2013 Q4 (end December),Thousands,Cars,"1,236.60",795.1,108.8,178.7,0,"2,319.20"
Scotland,2014 Q4 (end December),Thousands,Cars,"1,252.30",810,112.3,184.4,0,"2,359.00"
Scotland,2015 Q4 (end December),Thousands,Cars,"1,265.40",824.4,115.5,178.3,0,"2,383.60"
Scotland,2016 Q4 (end December),Thousands,Cars,"1,290.40",847.1,117.8,177.7,0,"2,433.10"
Scotland,2017 Q4 (end December),Thousands,Cars,"1,304.70",866.1,118.6,173,0,"2,462.40"
Scotland,2018 Q4 (end December),Thousands,Cars,"1,312.80",881.2,118.3,173.6,0,"2,486.00"
Scotland,2019 Q4 (end December),Thousands,Cars,"1,329.50",899.6,118.6,176.8,0,"2,524.50"
Scotland,2020 Q4 (end December),Thousands,Cars,"1,326.70",906.9,116.7,169.5,0,"2,519.80"
Scotland,2021 Q4 (end December),Thousands,Cars,"1,321.50",912.3,115.7,168.6,0,"2,518.20"
Scotland,2022 Q4 (end December),Thousands,Cars,"1,323.60",919.7,116.5,176.7,0,"2,536.60"
Scotland,2023 Q4 (end December),Thousands,Cars,"1,330.80",930.9,117.7,187.2,0,"2,566.50"
Scotland,2024 Q4 (end December),Thousands,Cars,"1,340.00",942.2,117.4,196.6,0,"2,596.20"
Scotland,2025 Q4 (end December),Thousands,Cars,"1,347.50",952.9,117.6,204,0,"2,622.00"
Scotland,1994 Q4 (end December),Thousands,Heavy goods vehicles,4.8,0.5,0.2,26.1,0,31.6
Scotland,1995 Q4 (end December),Thousands,Heavy goods vehicles,4.7,0.5,0.2,26.3,0,31.7
Scotland,1996 Q4 (end December),Thousands,Heavy goods vehicles,4.6,0.5,0.2,27,0,32.4
Scotland,1997 Q4 (end December),Thousands,Heavy goods vehicles,4.4,0.5,0.2,26,0,31.2
Scotland,1998 Q4 (end December),Thousands,Heavy goods vehicles,4.3,0.6,0.3,25.9,0,31.1
Scotland,1999 Q4 (end December),Thousands,Heavy goods vehicles,4.2,0.6,0.3,26.9,0,32
Scotland,2000 Q4 (end December),Thousands,Heavy goods vehicles,4.1,0.6,0.3,28.9,0,34
Scotland,2001 Q4 (end December),Thousands,Heavy goods vehicles,4,0.6,0.3,28.6,0,33.6
Scotland,2002 Q4 (end December),Thousands,Heavy goods vehicles,4,0.7,0.3,29,0,34.1
Scotland,2003 Q4 (end December),Thousands,Heavy goods vehicles,4,0.8,0.4,29.8,0,34.9
Scotland,2004 Q4 (end December),Thousands,Heavy goods vehicles,4.1,0.9,0.4,31,0,36.4
Scotland,2005 Q4 (end December),Thousands,Heavy goods vehicles,4.1,0.9,0.4,32.2,0,37.7
Scotland,2006 Q4 (end December),Thousands,Heavy goods vehicles,4.2,1,0.4,32.9,0,38.5
Scotland,2007 Q4 (end December),Thousands,Heavy goods vehicles,4.3,1,0.4,32.6,0,38.4
Scotland,2008 Q4 (end December),Thousands,Heavy goods vehicles,4.4,1.1,0.4,31.7,0,37.6
Scotland,2009 Q4 (end December),Thousands,Heavy goods vehicles,4.5,1.1,0.4,31.3,0,37.3
Scotland,2010 Q4 (end December),Thousands,Heavy goods vehicles,4.4,1.1,0.4,30.4,0,36.4
Scotland,2011 Q4 (end December),Thousands,Heavy goods vehicles,4.4,1.1,0.4,29.7,0,35.6
Scotland,2012 Q4 (end December),Thousands,Heavy goods vehicles,4.4,1.1,0.4,29.5,0,35.4
Scotland,2013 Q4 (end December),Thousands,Heavy goods vehicles,4.3,1.1,0.4,29.8,0,35.7
Scotland,2014 Q4 (end December),Thousands,Heavy goods vehicles,4.4,1.2,0.4,30.1,0,36.2
Scotland,2015 Q4 (end December),Thousands,Heavy goods vehicles,4.4,1.2,0.5,30.6,0,36.8
Scotland,2016 Q4 (end December),Thousands,Heavy goods vehicles,4.5,1.3,0.5,31.7,0,38
Scotland,2017 Q4 (end December),Thousands,Heavy goods vehicles,4.7,1.3,0.5,31.7,0,38.2
Scotland,2018 Q4 (end December),Thousands,Heavy goods vehicles,4.8,1.4,0.5,30,0,36.8
Scotland,2019 Q4 (end December),Thousands,Heavy goods vehicles,5,1.4,0.5,30,0,36.8
Scotland,2020 Q4 (end December),Thousands,Heavy goods vehicles,4.7,1.3,0.5,28.4,0,35
Scotland,2021 Q4 (end December),Thousands,Heavy goods vehicles,5,1.4,0.5,29.4,0,36.3
Scotland,2022 Q4 (end December),Thousands,Heavy goods vehicles,5.1,1.4,0.4,29.8,0,36.7
Scotland,2023 Q4 (end December),Thousands,Heavy goods vehicles,5.1,1.4,0.4,29.5,0,36.5
Scotland,2024 Q4 (end December),Thousands,Heavy goods vehicles,5.2,1.4,0.4,29.5,0,36.4
Scotland,2025 Q4 (end December),Thousands,Heavy goods vehicles,5.3,1.4,0.4,29.5,0,36.6
Scotland,1994 Q4 (end December),Thousands,Light goods vehicles,62.2,5.9,1.4,82.4,0,151.9
Scotland,1995 Q4 (end December),Thousands,Light goods vehicles,61.1,5.8,1.5,81.1,[low],149.5
Scotland,1996 Q4 (end December),Thousands,Light goods vehicles,62.6,6,1.6,82.4,[low],152.6
Scotland,1997 Q4 (end December),Thousands,Light goods vehicles,63.5,6,1.7,83.9,0,155.1
Scotland,1998 Q4 (end December),Thousands,Light goods vehicles,63.7,6,1.7,83.5,0,154.9
Scotland,1999 Q4 (end December),Thousands,Light goods vehicles,65,6.1,1.9,86.2,0,159.2
Scotland,2000 Q4 (end December),Thousands,Light goods vehicles,63.9,5.9,1.9,90.9,0,162.7
Scotland,2001 Q4 (end December),Thousands,Light goods vehicles,65.2,6,2.1,94.5,0,167.8
Scotland,2002 Q4 (end December),Thousands,Light goods vehicles,67.3,6.1,2.5,98.7,0,174.7
Scotland,2003 Q4 (end December),Thousands,Light goods vehicles,70.6,6.2,3,103.7,0,183.5
Scotland,2004 Q4 (end December),Thousands,Light goods vehicles,76.4,6.7,3.4,108,0,194.5
Scotland,2005 Q4 (end December),Thousands,Light goods vehicles,81.8,7.2,3.7,117.2,0,209.9
Scotland,2006 Q4 (end December),Thousands,Light goods vehicles,86.3,7.6,4,123.3,0,221.2
Scotland,2007 Q4 (end December),Thousands,Light goods vehicles,92.1,8.2,4.2,129.5,0,234
Scotland,2008 Q4 (end December),Thousands,Light goods vehicles,96,8.5,4.3,130.9,0,239.7
Scotland,2009 Q4 (end December),Thousands,Light goods vehicles,101.5,9.1,4.6,127,0,242.2
Scotland,2010 Q4 (end December),Thousands,Light goods vehicles,103.3,9.4,5.3,122.2,0,240.2
Scotland,2011 Q4 (end December),Thousands,Light goods vehicles,105.5,9.8,5.9,116.4,0,237.6
Scotland,2012 Q4 (end December),Thousands,Light goods vehicles,108.4,10.1,6.1,116.9,0,241.5
Scotland,2013 Q4 (end December),Thousands,Light goods vehicles,111.2,10.5,6.2,119.5,0,247.4
Scotland,2014 Q4 (end December),Thousands,Light goods vehicles,113.5,11.1,6.6,123.4,0,254.6
Scotland,2015 Q4 (end December),Thousands,Light goods vehicles,117.7,12,7.3,130.5,0,267.5
Scotland,2016 Q4 (end December),Thousands,Light goods vehicles,124.2,13.2,7.8,137.5,0,282.6
Scotland,2017 Q4 (end December),Thousands,Light goods vehicles,129.7,14.2,8.1,141.5,0,293.6
Scotland,2018 Q4 (end December),Thousands,Light goods vehicles,134.5,15.3,8.2,139.6,0,297.6
Scotland,2019 Q4 (end December),Thousands,Light goods vehicles,141.1,16.8,7.9,141.9,0,307.6
Scotland,2020 Q4 (end December),Thousands,Light goods vehicles,147.2,17.8,7.3,143.4,0,315.6
Scotland,2021 Q4 (end December),Thousands,Light goods vehicles,153.2,19.6,7,151.5,0,331.2
Scotland,2022 Q4 (end December),Thousands,Light goods vehicles,156.2,21,6.5,156,0,339.7
Scotland,2023 Q4 (end December),Thousands,Light goods vehicles,159,22.4,6.3,160.9,0,348.6
Scotland,2024 Q4 (end December),Thousands,Light goods vehicles,162.9,23.8,6.1,166.1,0,358.8
Scotland,2025 Q4 (end December),Thousands,Light goods vehicles,168,25.4,6,171.4,0,370.9
Scotland,1994 Q4 (end December),Thousands,Motorcycles,25.3,2.5,0.3,0.8,0,28.9
Scotland,1995 Q4 (end December),Thousands,Motorcycles,25.2,2.4,0.3,0.8,0,28.7
Scotland,1996 Q4 (end December),Thousands,Motorcycles,27.4,2.5,0.4,1,0,31.2
Scotland,1997 Q4 (end December),Thousands,Motorcycles,28.7,2.4,0.4,1.2,0,32.7
Scotland,1998 Q4 (end December),Thousands,Motorcycles,32,2.6,0.5,1.3,0,36.4
Scotland,1999 Q4 (end December),Thousands,Motorcycles,36.5,3,0.6,1.4,0,41.5
Scotland,2000 Q4 (end December),Thousands,Motorcycles,39.2,3.2,0.7,1.6,0,44.7
Scotland,2001 Q4 (end December),Thousands,Motorcycles,41.6,3.4,0.7,1.6,0,47.4
Scotland,2002 Q4 (end December),Thousands,Motorcycles,45.6,3.8,0.8,1.8,0,51.9
Scotland,2003 Q4 (end December),Thousands,Motorcycles,49,3.9,1,1.9,0,55.8
Scotland,2004 Q4 (end December),Thousands,Motorcycles,52.8,4.2,1.1,1.7,0,59.7
Scotland,2005 Q4 (end December),Thousands,Motorcycles,54.8,4.3,1.2,1.8,0,62.1
Scotland,2006 Q4 (end December),Thousands,Motorcycles,57.1,4.4,1.3,1.7,0,64.5
Scotland,2007 Q4 (end December),Thousands,Motorcycles,61,4.7,1.4,1.7,0,68.8
Scotland,2008 Q4 (end December),Thousands,Motorcycles,63.1,4.9,1.5,1.8,0,71.3
Scotland,2009 Q4 (end December),Thousands,Motorcycles,64.1,4.8,1.6,1.6,0,72.1
Scotland,2010 Q4 (end December),Thousands,Motorcycles,60.7,4.5,1.9,1.5,0,68.6
Scotland,2011 Q4 (end December),Thousands,Motorcycles,58.4,4.1,2.3,1.5,0,66.2
Scotland,2012 Q4 (end December),Thousands,Motorcycles,57.8,4,2.4,1.4,0,65.7
Scotland,2013 Q4 (end December),Thousands,Motorcycles,58.2,3.9,2.5,1.3,0,66
Scotland,2014 Q4 (end December),Thousands,Motorcycles,59,3.9,2.7,1.3,0,66.9
Scotland,2015 Q4 (end December),Thousands,Motorcycles,60,3.9,2.8,1.3,0,67.9
Scotland,2016 Q4 (end December),Thousands,Motorcycles,61.6,3.9,2.9,1.3,0,69.8
Scotland,2017 Q4 (end December),Thousands,Motorcycles,61.4,4,3.1,1.2,0,69.8
Scotland,2018 Q4 (end December),Thousands,Motorcycles,62.2,3.9,3.2,1.2,0,70.5
Scotland,2019 Q4 (end December),Thousands,Motorcycles,62.8,3.8,3.7,1.3,0,71.7
Scotland,2020 Q4 (end December),Thousands,Motorcycles,64.2,3.9,4,1.2,0,73.4
Scotland,2021 Q4 (end December),Thousands,Motorcycles,66.6,4.1,4.3,1.2,0,76.2
Scotland,2022 Q4 (end December),Thousands,Motorcycles,67.5,4.1,4.6,1.3,0,77.5
Scotland,2023 Q4 (end December),Thousands,Motorcycles,67.4,4.1,4.9,1.3,0,77.7
Scotland,2024 Q4 (end December),Thousands,Motorcycles,67.7,4.2,5.1,1.3,0,78.4
Scotland,2025 Q4 (end December),Thousands,Motorcycles,69,4.3,5,1.2,0,79.5
Scotland,1994 Q4 (end December),Thousands,Other vehicles,22.7,1,1.4,40.1,0,65.2
Scotland,1995 Q4 (end December),Thousands,Other vehicles,21.7,0.9,1.3,39.5,0,63.5
Scotland,1996 Q4 (end December),Thousands,Other vehicles,21.5,1,1.3,38.8,0,62.7
Scotland,1997 Q4 (end December),Thousands,Other vehicles,21.2,1,1.4,39.1,0,62.6
Scotland,1998 Q4 (end December),Thousands,Other vehicles,21.2,1,1.4,38,0,61.6
Scotland,1999 Q4 (end December),Thousands,Other vehicles,20.8,1,1.4,36.5,0,59.7
Scotland,2000 Q4 (end December),Thousands,Other vehicles,20.3,1,1.4,36.7,0,59.4
Scotland,2001 Q4 (end December),Thousands,Other vehicles,19.9,1,1.3,36.1,0,58.3
Scotland,2002 Q4 (end December),Thousands,Other vehicles,20.2,1,1.3,36.8,0,59.3
Scotland,2003 Q4 (end December),Thousands,Other vehicles,20.6,1,1.4,37.8,0,60.7
Scotland,2004 Q4 (end December),Thousands,Other vehicles,21.5,1,1.6,39.5,0,63.7
Scotland,2005 Q4 (end December),Thousands,Other vehicles,21.8,1,1.6,40.7,0,65.2
Scotland,2006 Q4 (end December),Thousands,Other vehicles,21.9,1.1,1.6,41.2,0,65.8
Scotland,2007 Q4 (end December),Thousands,Other vehicles,22.3,1.2,1.6,42.3,0,67.4
Scotland,2008 Q4 (end December),Thousands,Other vehicles,22.6,1.3,1.6,40.7,0,66.2
Scotland,2009 Q4 (end December),Thousands,Other vehicles,23,1.5,1.5,41.7,0,67.7
Scotland,2010 Q4 (end December),Thousands,Other vehicles,23.2,1.5,1.6,42.4,0,68.7
Scotland,2011 Q4 (end December),Thousands,Other vehicles,23.7,1.6,1.7,44.2,0,71.2
Scotland,2012 Q4 (end December),Thousands,Other vehicles,24.2,1.7,1.7,46.2,0,73.8
Scotland,2013 Q4 (end December),Thousands,Other vehicles,24.7,1.8,1.8,47.5,0,75.7
Scotland,2014 Q4 (end December),Thousands,Other vehicles,25.1,1.9,1.8,48.2,0,77
Scotland,2015 Q4 (end December),Thousands,Other vehicles,25.5,2.1,1.8,49.4,0,78.8
Scotland,2016 Q4 (end December),Thousands,Other vehicles,26.1,2.1,1.8,50.4,0,80.4
Scotland,2017 Q4 (end December),Thousands,Other vehicles,26.9,2.3,1.8,52,0,83
Scotland,2018 Q4 (end December),Thousands,Other vehicles,27.1,2.4,1.8,54.1,0,85.4
Scotland,2019 Q4 (end December),Thousands,Other vehicles,27.3,2.5,1.8,54.5,0,86.1
Scotland,2020 Q4 (end December),Thousands,Other vehicles,27.5,2.6,1.8,54.2,0,86.1
Scotland,2021 Q4 (end December),Thousands,Other vehicles,28.1,2.7,1.8,56,0,88.5
Scotland,2022 Q4 (end December),Thousands,Other vehicles,28.2,2.8,1.8,56.8,0,89.7
Scotland,2023 Q4 (end December),Thousands,Other vehicles,28.1,2.9,1.8,57.5,0,90.4
Scotland,2024 Q4 (end December),Thousands,Other vehicles,28.3,3,1.8,58.4,0,91.4
Scotland,2025 Q4 (end December),Thousands,Other vehicles,28.1,3.1,1.7,59.6,0,92.6
Scotland,1994 Q4 (end December),Thousands,Total,"1,106.00",430,44.7,301.2,[low],"1,881.90"
Scotland,1995 Q4 (end December),Thousands,Total,"1,105.20",446.1,47.3,299.6,[low],"1,898.20"
Scotland,1996 Q4 (end December),Thousands,Total,"1,136.40",475.7,52.2,308.8,[low],"1,973.10"
Scotland,1997 Q4 (end December),Thousands,Total,"1,156.30",501.1,55.8,315.1,[low],"2,028.30"
Scotland,1998 Q4 (end December),Thousands,Total,"1,175.40",523.2,58.9,320.4,[low],"2,077.90"
Scotland,1999 Q4 (end December),Thousands,Total,"1,203.30",547.4,62.6,322.5,0,"2,135.80"
Scotland,2000 Q4 (end December),Thousands,Total,"1,218.10",570.3,66.4,338.8,0,"2,193.50"
Scotland,2001 Q4 (end December),Thousands,Total,"1,250.90",600.9,71.1,339.9,0,"2,262.80"
Scotland,2002 Q4 (end December),Thousands,Total,"1,285.90",632.5,77.7,334.2,0,"2,330.40"
Scotland,2003 Q4 (end December),Thousands,Total,"1,309.70",657.8,86.1,329.6,0,"2,383.10"
Scotland,2004 Q4 (end December),Thousands,Total,"1,339.40",677.1,92.3,339.9,0,"2,448.60"
Scotland,2005 Q4 (end December),Thousands,Total,"1,364.40",700.6,97.2,369.8,0,"2,531.90"
Scotland,2006 Q4 (end December),Thousands,Total,"1,371.40",716.2,101,375.7,0,"2,564.30"
Scotland,2007 Q4 (end December),Thousands,Total,"1,397.30",737.5,104.3,387.9,0,"2,627.00"
Scotland,2008 Q4 (end December),Thousands,Total,"1,415.10",755.6,106,388.6,0,"2,665.20"
Scotland,2009 Q4 (end December),Thousands,Total,"1,423.40",768.4,107.9,386,0,"2,685.70"
Scotland,2010 Q4 (end December),Thousands,Total,"1,414.00",776.9,112.5,381.3,0,"2,684.70"
Scotland,2011 Q4 (end December),Thousands,Total,"1,410.20",785.3,116.3,379.2,0,"2,690.90"
Scotland,2012 Q4 (end December),Thousands,Total,"1,417.90",797.3,118.2,383.6,0,"2,717.10"
Scotland,2013 Q4 (end December),Thousands,Total,"1,436.90",812.7,119.9,389.7,0,"2,759.20"
Scotland,2014 Q4 (end December),Thousands,Total,"1,456.20",828.3,124,400.3,0,"2,808.80"
Scotland,2015 Q4 (end December),Thousands,Total,"1,474.90",843.8,128.1,402.9,0,"2,849.70"
Scotland,2016 Q4 (end December),Thousands,Total,"1,508.70",867.9,131,411.2,0,"2,918.90"
Scotland,2017 Q4 (end December),Thousands,Total,"1,529.30",888.2,132.3,411.8,0,"2,961.60"
Scotland,2018 Q4 (end December),Thousands,Total,"1,543.30",904.5,132.2,410.8,0,"2,990.70"
Scotland,2019 Q4 (end December),Thousands,Total,"1,567.50",924.3,132.6,416.4,0,"3,040.80"
Scotland,2020 Q4 (end December),Thousands,Total,"1,572.10",932.8,130.3,407.2,0,"3,042.30"
Scotland,2021 Q4 (end December),Thousands,Total,"1,576.10",940.4,129.4,417.7,0,"3,063.60"
Scotland,2022 Q4 (end December),Thousands,Total,"1,582.30",949.4,130,431.3,0,"3,093.10"
Scotland,2023 Q4 (end December),Thousands,Total,"1,592.00",962,131.1,447.1,0,"3,132.20"
Scotland,2024 Q4 (end December),Thousands,Total,"1,605.60",974.8,130.9,462.6,0,"3,173.80"
Scotland,2025 Q4 (end December),Thousands,Total,"1,619.40",987.5,130.8,476.7,0,"3,214.40"
Wales,1994 Q4 (end December),Thousands,Buses and coaches,2.2,0.3,0.1,5.8,0,8.4
Wales,1995 Q4 (end December),Thousands,Buses and coaches,2.2,0.3,0.1,5.7,0,8.2
Wales,1996 Q4 (end December),Thousands,Buses and coaches,2.2,0.3,0.1,5.8,0,8.5
Wales,1997 Q4 (end December),Thousands,Buses and coaches,2.3,0.3,0.1,6,0,8.8
Wales,1998 Q4 (end December),Thousands,Buses and coaches,2.3,0.3,0.1,6.2,0,9
Wales,1999 Q4 (end December),Thousands,Buses and coaches,2.3,0.3,0.1,6.6,0,9.4
Wales,2000 Q4 (end December),Thousands,Buses and coaches,2.3,0.3,0.1,7,0,9.8
Wales,2001 Q4 (end December),Thousands,Buses and coaches,2.2,0.3,0.1,7.1,0,9.8
Wales,2002 Q4 (end December),Thousands,Buses and coaches,2.2,0.4,0.1,7.1,0,9.8
Wales,2003 Q4 (end December),Thousands,Buses and coaches,2.2,0.3,0.1,7.3,0,10
Wales,2004 Q4 (end December),Thousands,Buses and coaches,2.4,0.3,0.1,7.4,0,10.3
Wales,2005 Q4 (end December),Thousands,Buses and coaches,2.3,0.3,0.1,7.8,0,10.6
Wales,2006 Q4 (end December),Thousands,Buses and coaches,2.3,0.4,0.2,7.8,0,10.6
Wales,2007 Q4 (end December),Thousands,Buses and coaches,2.4,0.3,0.2,7.8,0,10.6
Wales,2008 Q4 (end December),Thousands,Buses and coaches,2.2,0.3,0.2,7.9,0,10.6
Wales,2009 Q4 (end December),Thousands,Buses and coaches,2.2,0.3,0.2,7.9,0,10.6
Wales,2010 Q4 (end December),Thousands,Buses and coaches,2.1,0.3,0.2,7.8,0,10.5
Wales,2011 Q4 (end December),Thousands,Buses and coaches,2,0.3,0.2,7.8,0,10.3
Wales,2012 Q4 (end December),Thousands,Buses and coaches,2,0.3,0.2,7.4,0,9.9
Wales,2013 Q4 (end December),Thousands,Buses and coaches,2,0.3,0.2,7.4,0,9.8
Wales,2014 Q4 (end December),Thousands,Buses and coaches,1.9,0.3,0.2,7.2,0,9.6
Wales,2015 Q4 (end December),Thousands,Buses and coaches,1.9,0.3,0.2,7.2,0,9.5
Wales,2016 Q4 (end December),Thousands,Buses and coaches,1.8,0.3,0.2,6.9,0,9.2
Wales,2017 Q4 (end December),Thousands,Buses and coaches,1.8,0.3,0.2,7,0,9.2
Wales,2018 Q4 (end December),Thousands,Buses and coaches,1.8,0.3,0.1,6.9,0,9.1
Wales,2019 Q4 (end December),Thousands,Buses and coaches,1.8,0.3,0.1,6.9,0,9.1
Wales,2020 Q4 (end December),Thousands,Buses and coaches,1.7,0.3,0.1,6,0,8.1
Wales,2021 Q4 (end December),Thousands,Buses and coaches,1.8,0.3,0.1,6.4,0,8.7
Wales,2022 Q4 (end December),Thousands,Buses and coaches,1.8,0.3,0.1,6.5,0,8.7
Wales,2023 Q4 (end December),Thousands,Buses and coaches,1.7,0.3,0.1,6.4,0,8.5
Wales,2024 Q4 (end December),Thousands,Buses and coaches,1.6,0.3,0.1,6.4,0,8.4
Wales,2025 Q4 (end December),Thousands,Buses and coaches,1.5,0.3,0.1,6.5,0,8.3
Wales,1994 Q4 (end December),Thousands,Cars,642,277.5,25.6,61.3,0,"1,006.40"
Wales,1995 Q4 (end December),Thousands,Cars,639.2,286.9,27.3,64,[low],"1,017.40"
Wales,1996 Q4 (end December),Thousands,Cars,661.9,307.8,30.4,67.3,[low],"1,067.30"
Wales,1997 Q4 (end December),Thousands,Cars,673,323.5,32.6,71.7,[low],"1,100.70"
Wales,1998 Q4 (end December),Thousands,Cars,683.2,337.8,34.3,76.2,[low],"1,131.40"
Wales,1999 Q4 (end December),Thousands,Cars,699.7,354.4,36.9,78.2,0,"1,169.30"
Wales,2000 Q4 (end December),Thousands,Cars,705.6,368.1,39.4,56.7,0,"1,169.80"
Wales,2001 Q4 (end December),Thousands,Cars,727.3,389.6,43.2,57,0,"1,217.00"
Wales,2002 Q4 (end December),Thousands,Cars,753.5,412.3,47.8,55.8,0,"1,269.40"
Wales,2003 Q4 (end December),Thousands,Cars,768.5,429.4,54.1,53.2,0,"1,305.20"
Wales,2004 Q4 (end December),Thousands,Cars,782.8,443.7,58.4,72.1,0,"1,357.00"
Wales,2005 Q4 (end December),Thousands,Cars,789.5,458.3,60.6,83.7,0,"1,392.10"
Wales,2006 Q4 (end December),Thousands,Cars,784.4,468.6,63.1,83.9,0,"1,400.00"
Wales,2007 Q4 (end December),Thousands,Cars,788.5,481.8,65.1,84.8,0,"1,420.20"
Wales,2008 Q4 (end December),Thousands,Cars,785.2,491.7,65.8,86.2,0,"1,429.00"
Wales,2009 Q4 (end December),Thousands,Cars,781.7,499.3,66.2,82.7,0,"1,430.00"
Wales,2010 Q4 (end December),Thousands,Cars,774.5,506.1,68.5,84.3,0,"1,433.30"
Wales,2011 Q4 (end December),Thousands,Cars,769.5,512,70.1,86,0,"1,437.60"
Wales,2012 Q4 (end December),Thousands,Cars,770.2,520.4,70,86.9,0,"1,447.40"
Wales,2013 Q4 (end December),Thousands,Cars,774.6,527.5,70.1,88.1,0,"1,460.20"
Wales,2014 Q4 (end December),Thousands,Cars,780.3,537.5,71.1,88.6,0,"1,477.50"
Wales,2015 Q4 (end December),Thousands,Cars,788.6,546.9,72.8,88.1,0,"1,496.40"
Wales,2016 Q4 (end December),Thousands,Cars,803.4,562.8,74.2,86.6,0,"1,527.10"
Wales,2017 Q4 (end December),Thousands,Cars,809.6,573.5,74.3,84.7,0,"1,542.10"
Wales,2018 Q4 (end December),Thousands,Cars,816.3,584.7,73.7,85,0,"1,559.80"
Wales,2019 Q4 (end December),Thousands,Cars,825.9,596.9,73.3,87.4,0,"1,583.50"
Wales,2020 Q4 (end December),Thousands,Cars,823,603,70.1,83.1,0,"1,579.20"
Wales,2021 Q4 (end December),Thousands,Cars,825.7,610.6,68.2,83.6,0,"1,588.10"
Wales,2022 Q4 (end December),Thousands,Cars,829.6,618.1,67.3,86.4,0,"1,601.40"
Wales,2023 Q4 (end December),Thousands,Cars,834.5,626.1,66.9,91.5,0,"1,619.00"
Wales,2024 Q4 (end December),Thousands,Cars,840.5,634.9,65.9,97.4,0,"1,638.70"
Wales,2025 Q4 (end December),Thousands,Cars,848.4,644.9,65.4,101.2,0,"1,659.90"
Wales,1994 Q4 (end December),Thousands,Heavy goods vehicles,4.9,0.4,0.2,12.9,0,18.4
Wales,1995 Q4 (end December),Thousands,Heavy goods vehicles,4.7,0.4,0.2,13.2,0,18.6
Wales,1996 Q4 (end December),Thousands,Heavy goods vehicles,4.7,0.4,0.2,13.4,[low],18.7
Wales,1997 Q4 (end December),Thousands,Heavy goods vehicles,4.7,0.5,0.2,13.4,0,18.8
Wales,1998 Q4 (end December),Thousands,Heavy goods vehicles,4.6,0.5,0.2,13.1,0,18.4
Wales,1999 Q4 (end December),Thousands,Heavy goods vehicles,4.6,0.5,0.3,13.5,0,18.9
Wales,2000 Q4 (end December),Thousands,Heavy goods vehicles,4.4,0.5,0.3,13.9,0,19.2
Wales,2001 Q4 (end December),Thousands,Heavy goods vehicles,4.3,0.5,0.3,14.5,0,19.6
Wales,2002 Q4 (end December),Thousands,Heavy goods vehicles,4.4,0.6,0.3,15.1,0,20.4
Wales,2003 Q4 (end December),Thousands,Heavy goods vehicles,4.4,0.7,0.4,15.6,0,20.9
Wales,2004 Q4 (end December),Thousands,Heavy goods vehicles,4.7,0.8,0.4,15.8,0,21.7
Wales,2005 Q4 (end December),Thousands,Heavy goods vehicles,4.9,0.8,0.4,15.9,0,22
Wales,2006 Q4 (end December),Thousands,Heavy goods vehicles,4.9,0.9,0.4,16.2,0,22.4
Wales,2007 Q4 (end December),Thousands,Heavy goods vehicles,5.1,0.9,0.4,16.3,0,22.8
Wales,2008 Q4 (end December),Thousands,Heavy goods vehicles,5,0.9,0.4,15.7,0,22.1
Wales,2009 Q4 (end December),Thousands,Heavy goods vehicles,5,1,0.4,15.4,0,21.8
Wales,2010 Q4 (end December),Thousands,Heavy goods vehicles,4.9,1,0.4,15,0,21.2
Wales,2011 Q4 (end December),Thousands,Heavy goods vehicles,4.9,1,0.4,14.7,0,20.9
Wales,2012 Q4 (end December),Thousands,Heavy goods vehicles,4.9,1,0.4,14.4,0,20.8
Wales,2013 Q4 (end December),Thousands,Heavy goods vehicles,4.8,1.1,0.4,14.7,0,21
Wales,2014 Q4 (end December),Thousands,Heavy goods vehicles,4.8,1.1,0.4,14.8,0,21.1
Wales,2015 Q4 (end December),Thousands,Heavy goods vehicles,4.8,1.2,0.4,14.8,0,21.3
Wales,2016 Q4 (end December),Thousands,Heavy goods vehicles,4.9,1.2,0.4,15.1,0,21.6
Wales,2017 Q4 (end December),Thousands,Heavy goods vehicles,4.9,1.3,0.4,15.4,0,22
Wales,2018 Q4 (end December),Thousands,Heavy goods vehicles,5,1.3,0.4,15.6,0,22.2
Wales,2019 Q4 (end December),Thousands,Heavy goods vehicles,5,1.3,0.4,15.8,0,22.5
Wales,2020 Q4 (end December),Thousands,Heavy goods vehicles,4.6,1.2,0.4,15.5,0,21.7
Wales,2021 Q4 (end December),Thousands,Heavy goods vehicles,5,1.3,0.4,16.4,0,23
Wales,2022 Q4 (end December),Thousands,Heavy goods vehicles,5.1,1.3,0.3,16.9,0,23.7
Wales,2023 Q4 (end December),Thousands,Heavy goods vehicles,5.1,1.3,0.3,17.9,0,24.7
Wales,2024 Q4 (end December),Thousands,Heavy goods vehicles,5.1,1.3,0.3,18.1,0,24.8
Wales,2025 Q4 (end December),Thousands,Heavy goods vehicles,5.3,1.4,0.3,17.3,0,24.2
Wales,1994 Q4 (end December),Thousands,Light goods vehicles,60.9,6.3,1.4,39.6,0,108.2
Wales,1995 Q4 (end December),Thousands,Light goods vehicles,59.4,6.2,1.4,38.9,[low],105.9
Wales,1996 Q4 (end December),Thousands,Light goods vehicles,61.6,6.5,1.6,40.6,0,110.3
Wales,1997 Q4 (end December),Thousands,Light goods vehicles,62.6,6.6,1.6,41.9,0,112.7
Wales,1998 Q4 (end December),Thousands,Light goods vehicles,63.6,6.7,1.7,42.5,[low],114.5
Wales,1999 Q4 (end December),Thousands,Light goods vehicles,64.6,6.7,1.9,43.7,0,116.9
Wales,2000 Q4 (end December),Thousands,Light goods vehicles,63.3,6.5,2,43,0,114.9
Wales,2001 Q4 (end December),Thousands,Light goods vehicles,65,6.5,2.1,44.8,0,118.4
Wales,2002 Q4 (end December),Thousands,Light goods vehicles,67.6,6.6,2.5,47.7,0,124.4
Wales,2003 Q4 (end December),Thousands,Light goods vehicles,71.1,6.9,3,51.5,0,132.6
Wales,2004 Q4 (end December),Thousands,Light goods vehicles,77.7,7.5,3.4,54.7,0,143.3
Wales,2005 Q4 (end December),Thousands,Light goods vehicles,82.2,7.9,3.6,57.4,0,151
Wales,2006 Q4 (end December),Thousands,Light goods vehicles,85.1,8.1,3.8,60,0,157
Wales,2007 Q4 (end December),Thousands,Light goods vehicles,89.2,8.6,4,61.4,0,163.2
Wales,2008 Q4 (end December),Thousands,Light goods vehicles,91.1,8.7,4.1,60.6,0,164.5
Wales,2009 Q4 (end December),Thousands,Light goods vehicles,94.9,9.2,4.2,59,0,167.3
Wales,2010 Q4 (end December),Thousands,Light goods vehicles,96.7,9.5,4.7,57.8,0,168.7
Wales,2011 Q4 (end December),Thousands,Light goods vehicles,97.9,9.7,5.3,59.3,0,172.2
Wales,2012 Q4 (end December),Thousands,Light goods vehicles,100,9.9,5.5,60.6,0,176
Wales,2013 Q4 (end December),Thousands,Light goods vehicles,102.2,10.4,5.4,61.1,0,179
Wales,2014 Q4 (end December),Thousands,Light goods vehicles,104.9,10.8,5.7,62.8,0,184.1
Wales,2015 Q4 (end December),Thousands,Light goods vehicles,108.8,11.5,6.1,64.8,0,191.1
Wales,2016 Q4 (end December),Thousands,Light goods vehicles,113.3,12.4,6.3,67,0,199.1
Wales,2017 Q4 (end December),Thousands,Light goods vehicles,117.1,13,6.5,68.5,0,205.1
Wales,2018 Q4 (end December),Thousands,Light goods vehicles,120.6,13.9,6.5,71.1,0,212.2
Wales,2019 Q4 (end December),Thousands,Light goods vehicles,125.7,15,6.4,74.7,0,221.8
Wales,2020 Q4 (end December),Thousands,Light goods vehicles,130.5,15.7,5.8,77.6,0,229.6
Wales,2021 Q4 (end December),Thousands,Light goods vehicles,137.1,17.7,5.7,83.4,0,243.9
Wales,2022 Q4 (end December),Thousands,Light goods vehicles,140.9,19,5.4,87,0,252.3
Wales,2023 Q4 (end December),Thousands,Light goods vehicles,143.2,20.3,5.2,91.3,0,260
Wales,2024 Q4 (end December),Thousands,Light goods vehicles,146.4,21.7,5.1,94.3,0,267.5
Wales,2025 Q4 (end December),Thousands,Light goods vehicles,151.4,23.2,4.9,97,0,276.5
Wales,1994 Q4 (end December),Thousands,Motorcycles,23.1,2.1,0.2,0.5,0,26
Wales,1995 Q4 (end December),Thousands,Motorcycles,22.7,1.9,0.3,0.5,0,25.4
Wales,1996 Q4 (end December),Thousands,Motorcycles,24.1,1.9,0.3,0.7,0,27
Wales,1997 Q4 (end December),Thousands,Motorcycles,24.9,1.7,0.3,0.8,0,27.8
Wales,1998 Q4 (end December),Thousands,Motorcycles,27.4,1.8,0.4,0.8,0,30.4
Wales,1999 Q4 (end December),Thousands,Motorcycles,29.6,2,0.5,0.9,0,33
Wales,2000 Q4 (end December),Thousands,Motorcycles,31.4,2.1,0.6,1.1,0,35.2
Wales,2001 Q4 (end December),Thousands,Motorcycles,34,2.4,0.7,1,0,38
Wales,2002 Q4 (end December),Thousands,Motorcycles,37.1,2.5,0.7,1.1,0,41.5
Wales,2003 Q4 (end December),Thousands,Motorcycles,40.2,2.7,0.9,1.3,0,45.1
Wales,2004 Q4 (end December),Thousands,Motorcycles,43.9,2.8,1,1.2,0,48.8
Wales,2005 Q4 (end December),Thousands,Motorcycles,45.5,2.9,1,1.3,0,50.7
Wales,2006 Q4 (end December),Thousands,Motorcycles,46.9,3,1.1,1.2,0,52.2
Wales,2007 Q4 (end December),Thousands,Motorcycles,49.1,3.1,1.2,1.4,0,54.7
Wales,2008 Q4 (end December),Thousands,Motorcycles,50.6,3.2,1.3,1.3,0,56.4
Wales,2009 Q4 (end December),Thousands,Motorcycles,51,3.3,1.3,1.2,0,56.8
Wales,2010 Q4 (end December),Thousands,Motorcycles,49.5,3.1,1.6,1.1,0,55.2
Wales,2011 Q4 (end December),Thousands,Motorcycles,49.2,2.9,1.9,1.1,0,55.1
Wales,2012 Q4 (end December),Thousands,Motorcycles,48.6,2.9,1.9,1,0,54.4
Wales,2013 Q4 (end December),Thousands,Motorcycles,48.8,2.9,1.9,1.1,0,54.7
Wales,2014 Q4 (end December),Thousands,Motorcycles,48.9,2.9,2.1,1,0,54.9
Wales,2015 Q4 (end December),Thousands,Motorcycles,49.5,2.9,2.2,1,0,55.6
Wales,2016 Q4 (end December),Thousands,Motorcycles,50.9,3,2.5,1.1,0,57.4
Wales,2017 Q4 (end December),Thousands,Motorcycles,51,2.8,2.4,1,0,57.2
Wales,2018 Q4 (end December),Thousands,Motorcycles,52.3,2.9,2.4,1,0,58.6
Wales,2019 Q4 (end December),Thousands,Motorcycles,53.3,2.8,3,1.1,0,60.2
Wales,2020 Q4 (end December),Thousands,Motorcycles,54.8,2.8,3.4,1,0,62
Wales,2021 Q4 (end December),Thousands,Motorcycles,57.5,3,3.6,1.1,0,65.1
Wales,2022 Q4 (end December),Thousands,Motorcycles,59.4,3.2,3.8,1.1,0,67.6
Wales,2023 Q4 (end December),Thousands,Motorcycles,59.8,3.3,4,1.1,0,68.2
Wales,2024 Q4 (end December),Thousands,Motorcycles,60.1,3.4,4.2,1.1,0,68.8
Wales,2025 Q4 (end December),Thousands,Motorcycles,60.9,3.4,4.1,0.9,0,69.3
Wales,1994 Q4 (end December),Thousands,Other vehicles,18.1,0.8,1,13.7,0,33.5
Wales,1995 Q4 (end December),Thousands,Other vehicles,17.5,0.8,1,13.3,0,32.6
Wales,1996 Q4 (end December),Thousands,Other vehicles,17.6,0.8,1,13.5,0,33
Wales,1997 Q4 (end December),Thousands,Other vehicles,17.5,0.8,1.1,13.6,0,33
Wales,1998 Q4 (end December),Thousands,Other vehicles,17.6,0.8,1.1,13.4,0,33
Wales,1999 Q4 (end December),Thousands,Other vehicles,17.4,0.9,1.2,12.8,0,32.2
Wales,2000 Q4 (end December),Thousands,Other vehicles,17.1,0.8,1.1,12.1,0,31.2
Wales,2001 Q4 (end December),Thousands,Other vehicles,16.5,0.8,1.1,11.8,0,30.3
Wales,2002 Q4 (end December),Thousands,Other vehicles,17.1,0.8,1.2,12.2,0,31.4
Wales,2003 Q4 (end December),Thousands,Other vehicles,18.3,0.9,1.3,13,0,33.5
Wales,2004 Q4 (end December),Thousands,Other vehicles,19.6,1,1.4,13.7,0,35.8
Wales,2005 Q4 (end December),Thousands,Other vehicles,20.7,1,1.4,14.4,0,37.5
Wales,2006 Q4 (end December),Thousands,Other vehicles,21,1,1.4,14.6,0,38.1
Wales,2007 Q4 (end December),Thousands,Other vehicles,22,1.3,1.4,15.2,0,39.8
Wales,2008 Q4 (end December),Thousands,Other vehicles,22.4,1.5,1.4,15.6,0,40.9
Wales,2009 Q4 (end December),Thousands,Other vehicles,23.5,1.6,1.4,16.2,0,42.8
Wales,2010 Q4 (end December),Thousands,Other vehicles,24,1.8,1.5,16.7,0,44
Wales,2011 Q4 (end December),Thousands,Other vehicles,24.8,1.9,1.6,17.9,0,46.2
Wales,2012 Q4 (end December),Thousands,Other vehicles,25.6,2.1,1.6,19.2,0,48.5
Wales,2013 Q4 (end December),Thousands,Other vehicles,26,2.2,1.7,19.9,0,49.7
Wales,2014 Q4 (end December),Thousands,Other vehicles,26.5,2.4,1.7,20.5,0,51.1
Wales,2015 Q4 (end December),Thousands,Other vehicles,27.1,2.6,1.7,21.1,0,52.5
Wales,2016 Q4 (end December),Thousands,Other vehicles,27.6,2.8,1.7,21.8,0,53.8
Wales,2017 Q4 (end December),Thousands,Other vehicles,28.1,2.7,1.7,22.9,0,55.5
Wales,2018 Q4 (end December),Thousands,Other vehicles,28.9,3,1.8,23.9,0,57.5
Wales,2019 Q4 (end December),Thousands,Other vehicles,29.7,3.5,1.8,24.3,0,59.2
Wales,2020 Q4 (end December),Thousands,Other vehicles,30.8,3.9,1.9,25.2,0,61.7
Wales,2021 Q4 (end December),Thousands,Other vehicles,31.1,3.8,1.8,26.7,0,63.4
Wales,2022 Q4 (end December),Thousands,Other vehicles,31.2,3.9,1.8,28,0,65.1
Wales,2023 Q4 (end December),Thousands,Other vehicles,31.2,3.9,1.9,29,0,66
Wales,2024 Q4 (end December),Thousands,Other vehicles,31.2,4,1.8,29.6,0,66.7
Wales,2025 Q4 (end December),Thousands,Other vehicles,31.3,4.2,1.9,30.6,0,67.9
Wales,1994 Q4 (end December),Thousands,Total,751.2,287.4,28.5,133.8,0,"1,200.90"
Wales,1995 Q4 (end December),Thousands,Total,745.7,296.5,30.3,135.6,[low],"1,208.10"
Wales,1996 Q4 (end December),Thousands,Total,772.1,317.7,33.7,141.3,[low],"1,264.80"
Wales,1997 Q4 (end December),Thousands,Total,785,333.4,36,147.4,[low],"1,301.80"
Wales,1998 Q4 (end December),Thousands,Total,798.7,348,37.9,152.2,[low],"1,336.70"
Wales,1999 Q4 (end December),Thousands,Total,818.2,364.9,40.8,155.6,0,"1,379.60"
Wales,2000 Q4 (end December),Thousands,Total,824.1,378.4,43.5,134,0,"1,380.00"
Wales,2001 Q4 (end December),Thousands,Total,849.3,400.1,47.5,136.2,0,"1,433.10"
Wales,2002 Q4 (end December),Thousands,Total,881.8,423.3,52.7,139,0,"1,496.80"
Wales,2003 Q4 (end December),Thousands,Total,904.7,441,59.8,141.9,0,"1,547.40"
Wales,2004 Q4 (end December),Thousands,Total,931.2,456.1,64.7,164.9,0,"1,616.90"
Wales,2005 Q4 (end December),Thousands,Total,945,471.4,67.1,180.4,0,"1,663.90"
Wales,2006 Q4 (end December),Thousands,Total,944.7,482,69.9,183.7,0,"1,680.20"
Wales,2007 Q4 (end December),Thousands,Total,956.2,496,72.2,186.9,0,"1,711.30"
Wales,2008 Q4 (end December),Thousands,Total,956.6,506.4,73.1,187.3,0,"1,723.40"
Wales,2009 Q4 (end December),Thousands,Total,958.3,514.8,73.7,182.4,0,"1,729.20"
Wales,2010 Q4 (end December),Thousands,Total,951.7,521.7,76.9,182.7,0,"1,733.00"
Wales,2011 Q4 (end December),Thousands,Total,948.3,527.9,79.5,186.7,0,"1,742.40"
Wales,2012 Q4 (end December),Thousands,Total,951.2,536.7,79.6,189.6,0,"1,757.00"
Wales,2013 Q4 (end December),Thousands,Total,958.2,544.3,79.7,192.2,0,"1,774.50"
Wales,2014 Q4 (end December),Thousands,Total,967.4,555,81.1,194.8,0,"1,798.30"
Wales,2015 Q4 (end December),Thousands,Total,980.7,565.4,83.4,197,0,"1,826.50"
Wales,2016 Q4 (end December),Thousands,Total,"1,002.00",582.5,85.3,198.5,0,"1,868.30"
Wales,2017 Q4 (end December),Thousands,Total,"1,012.50",593.5,85.4,199.7,0,"1,891.10"
Wales,2018 Q4 (end December),Thousands,Total,"1,024.90",606.1,85,203.5,0,"1,919.40"
Wales,2019 Q4 (end December),Thousands,Total,"1,041.40",619.7,85,210.2,0,"1,956.30"
Wales,2020 Q4 (end December),Thousands,Total,"1,045.30",626.8,81.7,208.5,0,"1,962.30"
Wales,2021 Q4 (end December),Thousands,Total,"1,058.20",636.7,79.8,217.5,0,"1,992.20"
Wales,2022 Q4 (end December),Thousands,Total,"1,068.00",645.9,78.8,226,0,"2,018.70"
Wales,2023 Q4 (end December),Thousands,Total,"1,075.50",655.2,78.4,237.3,0,"2,046.40"
Wales,2024 Q4 (end December),Thousands,Total,"1,084.90",665.6,77.5,247,0,"2,074.90"
Wales,2025 Q4 (end December),Thousands,Total,"1,098.70",677.4,76.6,253.5,0,"2,106.20"
Great Britain,1994 Q4 (end December),Thousands,Buses and coaches,33.3,4.1,1.5,112.2,2.7,153.7
Great Britain,1995 Q4 (end December),Thousands,Buses and coaches,32.5,4.2,1.5,112.8,2.5,153.5
Great Britain,1996 Q4 (end December),Thousands,Buses and coaches,33.7,4.4,1.6,115.5,2.4,157.6
Great Britain,1997 Q4 (end December),Thousands,Buses and coaches,34.2,4.7,1.6,117.8,2.4,160.7
Great Britain,1998 Q4 (end December),Thousands,Buses and coaches,33.7,4.8,1.7,119.3,1.8,161.3
Great Britain,1999 Q4 (end December),Thousands,Buses and coaches,34,4.9,1.9,125.1,2.3,168.1
Great Britain,2000 Q4 (end December),Thousands,Buses and coaches,33.3,4.8,2,130.9,1.5,172.6
Great Britain,2001 Q4 (end December),Thousands,Buses and coaches,32.6,4.7,2,130.6,1.8,171.6
Great Britain,2002 Q4 (end December),Thousands,Buses and coaches,31.9,4.6,2,132.6,1.8,173
Great Britain,2003 Q4 (end December),Thousands,Buses and coaches,31.6,4.5,2.2,134.4,2.1,174.7
Great Britain,2004 Q4 (end December),Thousands,Buses and coaches,32.1,4.5,2.2,136,2.8,177.7
Great Britain,2005 Q4 (end December),Thousands,Buses and coaches,31.7,4.4,2.3,137.8,2.3,178.4
Great Britain,2006 Q4 (end December),Thousands,Buses and coaches,31.4,4.4,2.3,136.6,2.3,177
Great Britain,2007 Q4 (end December),Thousands,Buses and coaches,31,4.4,2.2,136.9,2.4,176.9
Great Britain,2008 Q4 (end December),Thousands,Buses and coaches,29.9,4.2,2.1,137.1,2.1,175.5
Great Britain,2009 Q4 (end December),Thousands,Buses and coaches,29.5,4.3,2.1,135.8,2,173.7
Great Britain,2010 Q4 (end December),Thousands,Buses and coaches,28.2,4.2,2.2,134.3,2.3,171.2
Great Britain,2011 Q4 (end December),Thousands,Buses and coaches,27,4.1,2.2,132.3,2.5,168.1
Great Britain,2012 Q4 (end December),Thousands,Buses and coaches,26,4,2.1,132,2.2,166.3
Great Britain,2013 Q4 (end December),Thousands,Buses and coaches,25.5,3.9,2,130.9,2.1,164.5
Great Britain,2014 Q4 (end December),Thousands,Buses and coaches,25,3.9,2,129.9,1.5,162.2
Great Britain,2015 Q4 (end December),Thousands,Buses and coaches,24.8,3.9,1.9,129.6,1.4,161.7
Great Britain,2016 Q4 (end December),Thousands,Buses and coaches,24.8,4,2,129.2,1.5,161.5
Great Britain,2017 Q4 (end December),Thousands,Buses and coaches,24.1,3.9,1.9,126.9,1.6,158.4
Great Britain,2018 Q4 (end December),Thousands,Buses and coaches,23.3,3.8,1.8,124.4,1.6,155
Great Britain,2019 Q4 (end December),Thousands,Buses and coaches,22.7,3.8,1.7,122.3,1.5,152
Great Britain,2020 Q4 (end December),Thousands,Buses and coaches,21.5,3.7,1.4,108.8,1.4,136.7
Great Britain,2021 Q4 (end December),Thousands,Buses and coaches,22.7,4,1.3,111.2,1.5,140.7
Great Britain,2022 Q4 (end December),Thousands,Buses and coaches,22.1,3.9,1.2,109.6,1.2,138.1
Great Britain,2023 Q4 (end December),Thousands,Buses and coaches,20.9,3.7,1.1,109.4,1.1,136.2
Great Britain,2024 Q4 (end December),Thousands,Buses and coaches,19.9,3.5,1,112.1,1.3,137.7
Great Britain,2025 Q4 (end December),Thousands,Buses and coaches,19.3,3.3,0.9,113.5,1,138
Great Britain,1994 Q4 (end December),Thousands,Cars,"12,296.70","5,836.80",488.9,"2,197.30",379.6,"21,199.20"
Great Britain,1995 Q4 (end December),Thousands,Cars,"12,256.70","6,002.80",520,"2,230.70",383.8,"21,394.10"
Great Britain,1996 Q4 (end December),Thousands,Cars,"12,616.40","6,375.80",573.3,"2,283.30",388.7,"22,237.50"
Great Britain,1997 Q4 (end December),Thousands,Cars,"12,815.10","6,662.30",614.4,"2,392.40",347.5,"22,831.70"
Great Britain,1998 Q4 (end December),Thousands,Cars,"13,007.30","6,908.30",662.7,"2,424.20",290.8,"23,293.30"
Great Britain,1999 Q4 (end December),Thousands,Cars,"13,265.50","7,170.80",724,"2,386.70",428,"23,974.90"
Great Britain,2000 Q4 (end December),Thousands,Cars,"13,417.70","7,410.00",775.9,"2,518.70",283.2,"24,405.50"
Great Britain,2001 Q4 (end December),Thousands,Cars,"13,730.70","7,726.00",847.1,"2,441.60",380.5,"25,125.90"
Great Britain,2002 Q4 (end December),Thousands,Cars,"14,057.20","8,049.00",928.8,"2,319.60",427.3,"25,781.90"
Great Britain,2003 Q4 (end December),Thousands,Cars,"14,228.40","8,271.10","1,040.10","2,212.40",488.4,"26,240.40"
Great Britain,2004 Q4 (end December),Thousands,Cars,"14,466.60","8,506.10","1,114.70","2,293.30",647.5,"27,028.10"
Great Britain,2005 Q4 (end December),Thousands,Cars,"14,616.30","8,766.30","1,164.70","2,434.00",539.1,"27,520.40"
Great Britain,2006 Q4 (end December),Thousands,Cars,"14,534.30","8,930.70","1,194.10","2,382.00",568,"27,609.20"
Great Britain,2007 Q4 (end December),Thousands,Cars,"14,633.00","9,138.90","1,216.60","2,426.90",584.9,"28,000.30"
Great Britain,2008 Q4 (end December),Thousands,Cars,"14,689.10","9,324.00","1,220.00","2,442.60",485,"28,160.70"
Great Britain,2009 Q4 (end December),Thousands,Cars,"14,678.80","9,470.60","1,230.60","2,341.10",525.3,"28,246.50"
Great Britain,2010 Q4 (end December),Thousands,Cars,"14,610.20","9,596.70","1,267.90","2,313.90",632.1,"28,420.90"
Great Britain,2011 Q4 (end December),Thousands,Cars,"14,543.10","9,690.10","1,295.50","2,343.80",594.9,"28,467.30"
Great Britain,2012 Q4 (end December),Thousands,Cars,"14,573.40","9,816.60","1,311.20","2,376.60",644.8,"28,722.50"
Great Britain,2013 Q4 (end December),Thousands,Cars,"14,730.00","9,955.10","1,332.10","2,446.50",677.4,"29,140.90"
Great Britain,2014 Q4 (end December),Thousands,Cars,"14,912.50","10,114.90","1,364.60","2,537.50",503.2,"29,432.90"
Great Britain,2015 Q4 (end December),Thousands,Cars,"15,145.50","10,299.50","1,410.40","2,634.20",582.9,"30,072.50"
Great Britain,2016 Q4 (end December),Thousands,Cars,"15,469.90","10,562.00","1,448.10","2,765.90",604.5,"30,850.40"
Great Britain,2017 Q4 (end December),Thousands,Cars,"15,610.40","10,742.60","1,448.70","2,780.40",618.2,"31,200.20"
Great Britain,2018 Q4 (end December),Thousands,Cars,"15,754.70","10,913.50","1,439.90","2,778.60",630.9,"31,517.60"
Great Britain,2019 Q4 (end December),Thousands,Cars,"15,967.20","11,119.10","1,426.70","2,742.70",632.7,"31,888.40"
Great Britain,2020 Q4 (end December),Thousands,Cars,"15,973.80","11,199.10","1,379.40","2,584.40",559.3,"31,696.00"
Great Britain,2021 Q4 (end December),Thousands,Cars,"16,025.40","11,270.20","1,344.40","2,592.20",646.4,"31,878.60"
Great Britain,2022 Q4 (end December),Thousands,Cars,"16,101.60","11,351.30","1,332.80","2,743.10",641.1,"32,169.90"
Great Britain,2023 Q4 (end December),Thousands,Cars,"16,205.50","11,455.20","1,334.70","2,915.70",634.9,"32,546.00"
Great Britain,2024 Q4 (end December),Thousands,Cars,"16,342.20","11,573.30","1,321.50","3,055.10",622.8,"32,914.80"
Great Britain,2025 Q4 (end December),Thousands,Cars,"16,505.00","11,713.60","1,314.00","3,257.50",618.1,"33,408.20"
Great Britain,1994 Q4 (end December),Thousands,Heavy goods vehicles,65,8.3,2.6,337,6.9,419.7
Great Britain,1995 Q4 (end December),Thousands,Heavy goods vehicles,62.5,8.3,2.6,342.2,6.2,421.7
Great Britain,1996 Q4 (end December),Thousands,Heavy goods vehicles,62.2,9.3,2.8,348.6,5.9,428.8
Great Britain,1997 Q4 (end December),Thousands,Heavy goods vehicles,61.1,9.8,2.9,355.6,5.6,435
Great Britain,1998 Q4 (end December),Thousands,Heavy goods vehicles,59.6,10.5,3,362.4,4.2,439.9
Great Britain,1999 Q4 (end December),Thousands,Heavy goods vehicles,59.7,11.3,3.4,376.9,7,458.3
Great Britain,2000 Q4 (end December),Thousands,Heavy goods vehicles,57.9,11.8,3.6,392.9,4.5,470.6
Great Britain,2001 Q4 (end December),Thousands,Heavy goods vehicles,56.8,11.9,3.8,398.4,5.7,476.7
Great Britain,2002 Q4 (end December),Thousands,Heavy goods vehicles,57.2,13,4.3,403.1,7,484.7
Great Britain,2003 Q4 (end December),Thousands,Heavy goods vehicles,58.2,14,5,406.3,6.8,490.4
Great Britain,2004 Q4 (end December),Thousands,Heavy goods vehicles,61.9,15.5,5.5,412.9,9.4,505.2
Great Britain,2005 Q4 (end December),Thousands,Heavy goods vehicles,63.5,16.4,5.7,414.2,8,507.7
Great Britain,2006 Q4 (end December),Thousands,Heavy goods vehicles,64.4,17.2,5.6,412.4,8.1,507.8
Great Britain,2007 Q4 (end December),Thousands,Heavy goods vehicles,65.5,18,5.5,412.8,8.7,510.5
Great Britain,2008 Q4 (end December),Thousands,Heavy goods vehicles,64.3,18.4,5.2,399.8,7.9,495.6
Great Britain,2009 Q4 (end December),Thousands,Heavy goods vehicles,64.5,18.9,5.3,381.9,7,477.5
Great Britain,2010 Q4 (end December),Thousands,Heavy goods vehicles,63.5,18.8,5.5,373.7,8.4,469.9
Great Britain,2011 Q4 (end December),Thousands,Heavy goods vehicles,62.9,19.2,5.6,368.2,9.4,465.3
Great Britain,2012 Q4 (end December),Thousands,Heavy goods vehicles,62.2,19.5,5.4,365.3,8,460.4
Great Britain,2013 Q4 (end December),Thousands,Heavy goods vehicles,62,19.7,5.3,373.1,8.7,468.7
Great Britain,2014 Q4 (end December),Thousands,Heavy goods vehicles,62.3,20.1,5.4,376.8,6.4,470.9
Great Britain,2015 Q4 (end December),Thousands,Heavy goods vehicles,63.2,20.7,5.6,383.9,6,479.4
Great Britain,2016 Q4 (end December),Thousands,Heavy goods vehicles,64.9,21.3,5.9,394.6,6.8,493.5
Great Britain,2017 Q4 (end December),Thousands,Heavy goods vehicles,66,21.8,5.9,398.4,7.1,499.3
Great Britain,2018 Q4 (end December),Thousands,Heavy goods vehicles,66.6,21.9,5.9,397.7,8.1,500.2
Great Britain,2019 Q4 (end December),Thousands,Heavy goods vehicles,67.2,22.2,5.7,399.2,7.1,501.4
Great Britain,2020 Q4 (end December),Thousands,Heavy goods vehicles,63.6,21.3,5.1,388.2,7.6,485.8
Great Britain,2021 Q4 (end December),Thousands,Heavy goods vehicles,67.6,22.2,5,402,7.7,504.4
Great Britain,2022 Q4 (end December),Thousands,Heavy goods vehicles,68.1,22,4.7,409.7,7.2,511.6
Great Britain,2023 Q4 (end December),Thousands,Heavy goods vehicles,68.1,21.7,4.4,408.7,7.1,510
Great Britain,2024 Q4 (end December),Thousands,Heavy goods vehicles,68.7,21.5,4.3,407.4,6.9,508.9
Great Britain,2025 Q4 (end December),Thousands,Heavy goods vehicles,70.2,21.5,4.2,409.6,6.2,511.7
Great Britain,1994 Q4 (end December),Thousands,Light goods vehicles,986,101.5,17.9,988.3,45.2,"2,138.90"
Great Britain,1995 Q4 (end December),Thousands,Light goods vehicles,968.2,99.7,18.4,993.9,43.7,"2,123.90"
Great Britain,1996 Q4 (end December),Thousands,Light goods vehicles,996.8,102.1,20.3,"1,012.60",43.2,"2,175.00"
Great Britain,1997 Q4 (end December),Thousands,Light goods vehicles,"1,010.70",103.1,21.9,"1,058.40",38,"2,232.20"
Great Britain,1998 Q4 (end December),Thousands,Light goods vehicles,"1,021.50",102.7,23.8,"1,100.70",30.4,"2,279.00"
Great Britain,1999 Q4 (end December),Thousands,Light goods vehicles,"1,033.00",103.1,26.6,"1,140.80",39.7,"2,343.10"
Great Britain,2000 Q4 (end December),Thousands,Light goods vehicles,"1,019.90",100.4,28.7,"1,206.50",27.9,"2,383.50"
Great Britain,2001 Q4 (end December),Thousands,Light goods vehicles,"1,036.10",99.2,31.4,"1,260.80",34.6,"2,462.20"
Great Britain,2002 Q4 (end December),Thousands,Light goods vehicles,"1,064.50",99.2,36.1,"1,305.40",37.8,"2,543.00"
Great Britain,2003 Q4 (end December),Thousands,Light goods vehicles,"1,109.90",101.1,43.8,"1,356.80",42,"2,653.60"
Great Britain,2004 Q4 (end December),Thousands,Light goods vehicles,"1,193.80",106.9,48.7,"1,415.80",57.8,"2,823.00"
Great Britain,2005 Q4 (end December),Thousands,Light goods vehicles,"1,256.40",112.4,51.7,"1,470.10",53.3,"2,943.90"
Great Britain,2006 Q4 (end December),Thousands,Light goods vehicles,"1,294.90",115.9,55,"1,500.10",57.6,"3,023.50"
Great Britain,2007 Q4 (end December),Thousands,Light goods vehicles,"1,352.50",120.4,57.4,"1,557.00",61.9,"3,149.20"
Great Britain,2008 Q4 (end December),Thousands,Light goods vehicles,"1,383.50",123.3,58.6,"1,568.90",57.3,"3,191.70"
Great Britain,2009 Q4 (end December),Thousands,Light goods vehicles,"1,437.10",130.1,60.9,"1,499.70",56.9,"3,184.80"
Great Britain,2010 Q4 (end December),Thousands,Light goods vehicles,"1,455.40",132.7,67.5,"1,482.50",69.9,"3,208.00"
Great Britain,2011 Q4 (end December),Thousands,Light goods vehicles,"1,466.60",135.7,74,"1,500.40",71.7,"3,248.50"
Great Britain,2012 Q4 (end December),Thousands,Light goods vehicles,"1,487.50",138.4,75,"1,509.90",70,"3,280.80"
Great Britain,2013 Q4 (end December),Thousands,Light goods vehicles,"1,517.40",142.4,75.8,"1,548.10",70.4,"3,354.00"
Great Britain,2014 Q4 (end December),Thousands,Light goods vehicles,"1,548.50",148.3,79.5,"1,618.70",53.1,"3,447.90"
Great Britain,2015 Q4 (end December),Thousands,Light goods vehicles,"1,598.30",157.7,86.1,"1,706.10",59.1,"3,607.40"
Great Britain,2016 Q4 (end December),Thousands,Light goods vehicles,"1,665.60",168.6,91.6,"1,791.20",65.1,"3,782.10"
Great Britain,2017 Q4 (end December),Thousands,Light goods vehicles,"1,709.80",177.9,93.7,"1,848.10",68.7,"3,898.20"
Great Britain,2018 Q4 (end December),Thousands,Light goods vehicles,"1,751.70",188.5,93.9,"1,906.30",69.6,"4,010.00"
Great Britain,2019 Q4 (end December),Thousands,Light goods vehicles,"1,806.80",200.4,90.6,"1,954.30",71.2,"4,123.40"
Great Britain,2020 Q4 (end December),Thousands,Light goods vehicles,"1,868.50",210.5,83,"1,985.30",73.3,"4,220.50"
Great Britain,2021 Q4 (end December),Thousands,Light goods vehicles,"1,929.80",228.8,77.8,"2,093.50",76.4,"4,406.20"
Great Britain,2022 Q4 (end December),Thousands,Light goods vehicles,"1,952.00",241.6,72.7,"2,146.10",73.8,"4,486.10"
Great Britain,2023 Q4 (end December),Thousands,Light goods vehicles,"1,964.40",253.9,68.5,"2,204.20",76.6,"4,567.60"
Great Britain,2024 Q4 (end December),Thousands,Light goods vehicles,"2,001.90",267.6,66,"2,231.70",82.1,"4,649.30"
Great Britain,2025 Q4 (end December),Thousands,Light goods vehicles,"2,059.40",283.8,63.8,"2,250.10",74.7,"4,731.80"
Great Britain,1994 Q4 (end December),Thousands,Motorcycles,601.8,73.3,6.4,21.4,18,720.9
Great Britain,1995 Q4 (end December),Thousands,Motorcycles,588.7,67,6.6,22.6,17.6,702.5
Great Britain,1996 Q4 (end December),Thousands,Motorcycles,619.6,65.2,7.5,27,19.5,738.8
Great Britain,1997 Q4 (end December),Thousands,Motorcycles,641.2,60,8.4,30,12.8,752.4
Great Britain,1998 Q4 (end December),Thousands,Motorcycles,701.1,61.1,10,31,10.6,813.8
Great Britain,1999 Q4 (end December),Thousands,Motorcycles,764.9,65.2,11.8,33.1,14.3,889.4
Great Britain,2000 Q4 (end December),Thousands,Motorcycles,822.7,70.9,13.3,36.6,10.2,953.7
Great Britain,2001 Q4 (end December),Thousands,Motorcycles,870.1,75.7,14.9,36.3,13,"1,010.00"
Great Britain,2002 Q4 (end December),Thousands,Motorcycles,921.8,79.2,16.4,37.2,15.4,"1,070.00"
Great Britain,2003 Q4 (end December),Thousands,Motorcycles,972.6,80.9,19.8,42,19.4,"1,134.70"
Great Britain,2004 Q4 (end December),Thousands,Motorcycles,"1,023.40",82.4,21.2,38.9,25.3,"1,191.20"
Great Britain,2005 Q4 (end December),Thousands,Motorcycles,"1,039.40",82.5,21.9,40.1,22.6,"1,206.40"
Great Britain,2006 Q4 (end December),Thousands,Motorcycles,"1,043.60",81.4,23.5,37.4,23.7,"1,209.60"
Great Britain,2007 Q4 (end December),Thousands,Motorcycles,"1,077.40",82,24.6,40.4,23.9,"1,248.30"
Great Britain,2008 Q4 (end December),Thousands,Motorcycles,"1,102.40",83.7,25.5,40,22.9,"1,274.60"
Great Britain,2009 Q4 (end December),Thousands,Motorcycles,"1,103.20",83.2,26.4,36.4,26.5,"1,275.60"
Great Britain,2010 Q4 (end December),Thousands,Motorcycles,"1,062.30",78.2,33.2,35,25.6,"1,234.40"
Great Britain,2011 Q4 (end December),Thousands,Motorcycles,"1,064.30",76.5,38.6,34.3,24.7,"1,238.30"
Great Britain,2012 Q4 (end December),Thousands,Motorcycles,"1,050.80",74.4,40.9,33.7,25.1,"1,224.80"
Great Britain,2013 Q4 (end December),Thousands,Motorcycles,"1,046.70",71.7,41.7,33.4,25.9,"1,219.40"
Great Britain,2014 Q4 (end December),Thousands,Motorcycles,"1,043.00",70.3,44,32.9,16.4,"1,206.60"
Great Britain,2015 Q4 (end December),Thousands,Motorcycles,"1,058.40",70,47.3,32.5,12.5,"1,220.80"
Great Britain,2016 Q4 (end December),Thousands,Motorcycles,"1,079.60",70,50.4,35.4,12.8,"1,248.10"
Great Britain,2017 Q4 (end December),Thousands,Motorcycles,"1,067.70",67.9,51,33.9,13.2,"1,233.60"
Great Britain,2018 Q4 (end December),Thousands,Motorcycles,"1,079.70",66.2,50.7,33,13,"1,242.70"
Great Britain,2019 Q4 (end December),Thousands,Motorcycles,"1,080.60",64.1,58.9,33.5,13.1,"1,250.20"
Great Britain,2020 Q4 (end December),Thousands,Motorcycles,"1,100.30",63.2,66.1,31.9,12.3,"1,273.80"
Great Britain,2021 Q4 (end December),Thousands,Motorcycles,"1,132.00",64.8,68.2,35.1,15.2,"1,315.30"
Great Britain,2022 Q4 (end December),Thousands,Motorcycles,"1,147.30",66.1,70.4,38.6,15.2,"1,337.60"
Great Britain,2023 Q4 (end December),Thousands,Motorcycles,"1,136.90",65.3,70.9,40.3,14.1,"1,327.60"
Great Britain,2024 Q4 (end December),Thousands,Motorcycles,"1,137.20",64.9,73.5,39.4,13.8,"1,328.80"
Great Britain,2025 Q4 (end December),Thousands,Motorcycles,"1,146.90",65.5,71.6,36.3,12.8,"1,333.10"
Great Britain,1994 Q4 (end December),Thousands,Other vehicles,222.3,12.4,12.1,338.6,13.7,599
Great Britain,1995 Q4 (end December),Thousands,Other vehicles,215.8,12,11.9,321,13,573.6
Great Britain,1996 Q4 (end December),Thousands,Other vehicles,216.2,12.3,12.2,314.4,9.1,564.2
Great Britain,1997 Q4 (end December),Thousands,Other vehicles,213.7,12.4,12.5,313.6,9.7,561.8
Great Britain,1998 Q4 (end December),Thousands,Other vehicles,215,12.8,12.7,304.6,6,551.1
Great Britain,1999 Q4 (end December),Thousands,Other vehicles,212.2,12.9,12.8,288.3,7.6,533.8
Great Britain,2000 Q4 (end December),Thousands,Other vehicles,207.4,12.6,12.5,273.8,5.5,511.7
Great Britain,2001 Q4 (end December),Thousands,Other vehicles,203.1,12.3,12.4,266,7.1,500.8
Great Britain,2002 Q4 (end December),Thousands,Other vehicles,204.7,11.9,12.8,267,7.6,504
Great Britain,2003 Q4 (end December),Thousands,Other vehicles,208.1,11.8,13.7,270.6,9.4,513.5
Great Britain,2004 Q4 (end December),Thousands,Other vehicles,217.1,12.2,15.3,277.3,11.7,533.7
Great Britain,2005 Q4 (end December),Thousands,Other vehicles,221.9,12.5,15.3,280.7,10.3,540.6
Great Britain,2006 Q4 (end December),Thousands,Other vehicles,222.6,12.4,15.2,281.5,11.7,543.4
Great Britain,2007 Q4 (end December),Thousands,Other vehicles,233.2,17.2,15.1,288.4,11.9,565.7
Great Britain,2008 Q4 (end December),Thousands,Other vehicles,241.6,21.4,15,294.9,12.5,585.3
Great Britain,2009 Q4 (end December),Thousands,Other vehicles,249.1,24.7,14.9,298.5,13,600.3
Great Britain,2010 Q4 (end December),Thousands,Other vehicles,253.4,27.1,15.3,304.6,15.4,615.8
Great Britain,2011 Q4 (end December),Thousands,Other vehicles,258.7,28.5,16.1,320.5,17.4,641.2
Great Britain,2012 Q4 (end December),Thousands,Other vehicles,263.7,30.2,16.2,339.1,18.4,667.5
Great Britain,2013 Q4 (end December),Thousands,Other vehicles,269.1,32.6,16.2,349.6,19.3,686.9
Great Britain,2014 Q4 (end December),Thousands,Other vehicles,272.6,34.9,16.5,357,15.7,696.6
Great Britain,2015 Q4 (end December),Thousands,Other vehicles,276,36.4,16.6,365.9,11.1,706
Great Britain,2016 Q4 (end December),Thousands,Other vehicles,279.7,38.1,16.6,376,10.8,721.2
Great Britain,2017 Q4 (end December),Thousands,Other vehicles,285.9,39.6,16.8,387.5,15.5,745.3
Great Britain,2018 Q4 (end December),Thousands,Other vehicles,288.7,41,16.7,395.8,16.3,758.6
Great Britain,2019 Q4 (end December),Thousands,Other vehicles,290.8,42.4,17,402.8,14.5,767.4
Great Britain,2020 Q4 (end December),Thousands,Other vehicles,290.5,43.7,17.1,404,13.6,769
Great Britain,2021 Q4 (end December),Thousands,Other vehicles,293.2,45,17.3,420.5,13.1,789.1
Great Britain,2022 Q4 (end December),Thousands,Other vehicles,294.6,46.5,17.8,430.1,14.2,803.1
Great Britain,2023 Q4 (end December),Thousands,Other vehicles,293.8,47.7,18.1,440,14.3,813.9
Great Britain,2024 Q4 (end December),Thousands,Other vehicles,294.7,49.4,18.2,450.8,13.5,826.5
Great Britain,2025 Q4 (end December),Thousands,Other vehicles,294.2,50.8,18.1,450.2,13.7,827
Great Britain,1994 Q4 (end December),Thousands,Total,"14,205.00","6,036.20",529.4,"3,994.80",466.1,"25,231.50"
Great Britain,1995 Q4 (end December),Thousands,Total,"14,124.30","6,194.00",561,"4,023.20",466.8,"25,369.40"
Great Britain,1996 Q4 (end December),Thousands,Total,"14,544.90","6,569.10",617.6,"4,101.40",468.9,"26,301.90"
Great Britain,1997 Q4 (end December),Thousands,Total,"14,776.00","6,852.30",661.7,"4,267.80",416,"26,973.80"
Great Britain,1998 Q4 (end December),Thousands,Total,"15,038.30","7,100.20",714,"4,342.10",343.9,"27,538.40"
Great Britain,1999 Q4 (end December),Thousands,Total,"15,369.30","7,368.20",780.3,"4,350.90",498.8,"28,367.60"
Great Britain,2000 Q4 (end December),Thousands,Total,"15,559.00","7,610.50",835.8,"4,559.40",332.9,"28,897.60"
Great Britain,2001 Q4 (end December),Thousands,Total,"15,929.40","7,929.90",911.5,"4,533.60",442.7,"29,747.10"
Great Britain,2002 Q4 (end December),Thousands,Total,"16,337.30","8,256.90","1,000.50","4,464.90",497,"30,556.70"
Great Britain,2003 Q4 (end December),Thousands,Total,"16,608.70","8,483.40","1,124.70","4,422.40",568.1,"31,207.40"
Great Britain,2004 Q4 (end December),Thousands,Total,"16,994.80","8,727.70","1,207.70","4,574.20",754.5,"32,258.90"
Great Britain,2005 Q4 (end December),Thousands,Total,"17,229.10","8,994.50","1,261.50","4,776.80",635.5,"32,897.40"
Great Britain,2006 Q4 (end December),Thousands,Total,"17,191.30","9,162.00","1,295.60","4,750.10",671.5,"33,070.50"
Great Britain,2007 Q4 (end December),Thousands,Total,"17,392.50","9,380.80","1,321.40","4,862.50",693.7,"33,651.00"
Great Britain,2008 Q4 (end December),Thousands,Total,"17,510.80","9,575.00","1,326.50","4,883.40",587.8,"33,883.40"
Great Britain,2009 Q4 (end December),Thousands,Total,"17,562.30","9,731.70","1,340.20","4,693.30",630.9,"33,958.40"
Great Britain,2010 Q4 (end December),Thousands,Total,"17,473.00","9,857.70","1,391.60","4,644.10",753.7,"34,120.20"
Great Britain,2011 Q4 (end December),Thousands,Total,"17,422.40","9,954.10","1,432.00","4,699.50",720.6,"34,228.60"
Great Britain,2012 Q4 (end December),Thousands,Total,"17,463.70","10,083.00","1,450.70","4,756.60",768.4,"34,522.30"
Great Britain,2013 Q4 (end December),Thousands,Total,"17,650.60","10,225.40","1,473.10","4,881.50",803.8,"35,034.50"
Great Britain,2014 Q4 (end December),Thousands,Total,"17,863.90","10,392.30","1,511.80","5,052.80",596.3,"35,417.10"
Great Britain,2015 Q4 (end December),Thousands,Total,"18,166.20","10,588.20","1,567.90","5,252.30",673,"36,247.60"
Great Britain,2016 Q4 (end December),Thousands,Total,"18,584.50","10,863.90","1,614.60","5,492.30",701.5,"37,256.80"
Great Britain,2017 Q4 (end December),Thousands,Total,"18,763.90","11,053.60","1,618.00","5,575.20",724.2,"37,735.00"
Great Britain,2018 Q4 (end December),Thousands,Total,"18,964.80","11,234.90","1,608.90","5,635.80",739.6,"38,184.00"
Great Britain,2019 Q4 (end December),Thousands,Total,"19,235.40","11,451.90","1,600.60","5,654.80",740.1,"38,682.70"
Great Britain,2020 Q4 (end December),Thousands,Total,"19,318.10","11,541.50","1,552.20","5,502.50",667.5,"38,581.80"
Great Britain,2021 Q4 (end December),Thousands,Total,"19,470.80","11,634.90","1,514.00","5,654.40",760.2,"39,034.30"
Great Britain,2022 Q4 (end December),Thousands,Total,"19,585.70","11,731.30","1,499.60","5,877.20",752.7,"39,446.50"
Great Britain,2023 Q4 (end December),Thousands,Total,"19,689.60","11,847.50","1,497.70","6,118.20",748.1,"39,901.20"
Great Britain,2024 Q4 (end December),Thousands,Total,"19,864.50","11,980.20","1,484.60","6,296.40",740.4,"40,366.00"
Great Britain,2025 Q4 (end December),Thousands,Total,"20,095.00","12,138.50","1,472.60","6,517.20",726.5,"40,949.70"
Northern Ireland,2014 Q4 (end December),Thousands,Buses and coaches,0.7,0.1,0.1,4.7,0.1,5.6
Northern Ireland,2015 Q4 (end December),Thousands,Buses and coaches,0.7,0.1,0.1,4.7,[low],5.5
Northern Ireland,2016 Q4 (end December),Thousands,Buses and coaches,0.7,0.1,0.1,4.7,[low],5.6
Northern Ireland,2017 Q4 (end December),Thousands,Buses and coaches,0.7,0.1,0.1,4.7,[low],5.6
Northern Ireland,2018 Q4 (end December),Thousands,Buses and coaches,0.7,0.1,0.1,4.6,[low],5.5
Northern Ireland,2019 Q4 (end December),Thousands,Buses and coaches,0.7,0.1,0.1,4.6,[low],5.5
Northern Ireland,2020 Q4 (end December),Thousands,Buses and coaches,0.6,0.1,0.1,4.1,[low],4.8
Northern Ireland,2021 Q4 (end December),Thousands,Buses and coaches,0.7,0.1,0.1,4.2,[low],5.1
Northern Ireland,2022 Q4 (end December),Thousands,Buses and coaches,0.7,0.1,[low],4.3,[low],5.1
Northern Ireland,2023 Q4 (end December),Thousands,Buses and coaches,0.7,0.1,[low],4.3,[low],5.1
Northern Ireland,2024 Q4 (end December),Thousands,Buses and coaches,0.7,0.1,[low],4.4,[low],5.2
Northern Ireland,2025 Q4 (end December),Thousands,Buses and coaches,0.7,0.1,[low],4.5,[low],5.2
Northern Ireland,2014 Q4 (end December),Thousands,Cars,446.1,310.3,45.4,76.8,18.8,897.4
Northern Ireland,2015 Q4 (end December),Thousands,Cars,450.3,319.3,51.8,78.1,15.6,915.1
Northern Ireland,2016 Q4 (end December),Thousands,Cars,460,330.9,55.7,81.4,13.8,941.8
Northern Ireland,2017 Q4 (end December),Thousands,Cars,465.3,339.7,57.8,83.3,13.6,959.8
Northern Ireland,2018 Q4 (end December),Thousands,Cars,470.3,348.2,59.5,83.8,13.8,975.7
Northern Ireland,2019 Q4 (end December),Thousands,Cars,479.5,357.9,59.8,85.4,13.2,995.9
Northern Ireland,2020 Q4 (end December),Thousands,Cars,485.3,365.4,57.3,82.4,11.1,"1,001.40"
Northern Ireland,2021 Q4 (end December),Thousands,Cars,489.5,370.7,53.7,82.9,14.1,"1,010.80"
Northern Ireland,2022 Q4 (end December),Thousands,Cars,491.5,375.7,51.9,84.5,13.9,"1,017.40"
Northern Ireland,2023 Q4 (end December),Thousands,Cars,498.1,382.2,50.3,89.8,13.6,"1,033.90"
Northern Ireland,2024 Q4 (end December),Thousands,Cars,504.5,388.6,48.3,96.7,13.8,"1,051.80"
Northern Ireland,2025 Q4 (end December),Thousands,Cars,515.4,397.5,47,102.7,14.7,"1,077.30"
Northern Ireland,2014 Q4 (end December),Thousands,Heavy goods vehicles,5.5,0.4,0.2,16.4,0.3,22.8
Northern Ireland,2015 Q4 (end December),Thousands,Heavy goods vehicles,5.2,0.4,0.3,16.8,0.1,22.7
Northern Ireland,2016 Q4 (end December),Thousands,Heavy goods vehicles,5.2,0.4,0.3,17.5,0.1,23.5
Northern Ireland,2017 Q4 (end December),Thousands,Heavy goods vehicles,5.1,0.4,0.4,18,0.1,24
Northern Ireland,2018 Q4 (end December),Thousands,Heavy goods vehicles,5,0.4,0.4,18.3,0.1,24.3
Northern Ireland,2019 Q4 (end December),Thousands,Heavy goods vehicles,4.9,0.4,0.5,18.4,0.1,24.3
Northern Ireland,2020 Q4 (end December),Thousands,Heavy goods vehicles,4.8,0.4,0.4,18.4,0.1,24.2
Northern Ireland,2021 Q4 (end December),Thousands,Heavy goods vehicles,4.9,0.4,0.4,19,0.1,24.8
Northern Ireland,2022 Q4 (end December),Thousands,Heavy goods vehicles,4.8,0.4,0.4,19.1,0.1,24.9
Northern Ireland,2023 Q4 (end December),Thousands,Heavy goods vehicles,4.7,0.4,0.3,19.4,0.1,25
Northern Ireland,2024 Q4 (end December),Thousands,Heavy goods vehicles,4.6,0.4,0.3,20,0.1,25.4
Northern Ireland,2025 Q4 (end December),Thousands,Heavy goods vehicles,4.7,0.5,0.3,20.2,0.1,25.8
Northern Ireland,2014 Q4 (end December),Thousands,Light goods vehicles,56.2,2.6,1.6,35.9,1.6,97.9
Northern Ireland,2015 Q4 (end December),Thousands,Light goods vehicles,57.7,2.7,2.7,37.8,1,101.9
Northern Ireland,2016 Q4 (end December),Thousands,Light goods vehicles,60.1,2.9,3.5,40.2,0.9,107.7
Northern Ireland,2017 Q4 (end December),Thousands,Light goods vehicles,62.7,3.2,4.1,42.2,1,113.2
Northern Ireland,2018 Q4 (end December),Thousands,Light goods vehicles,64.9,3.3,4.6,43.9,1,117.7
Northern Ireland,2019 Q4 (end December),Thousands,Light goods vehicles,67.6,3.5,4.9,46.1,1,123.1
Northern Ireland,2020 Q4 (end December),Thousands,Light goods vehicles,71.2,3.9,4.6,47.4,1,128
Northern Ireland,2021 Q4 (end December),Thousands,Light goods vehicles,74.2,4.2,4.1,51.2,1.1,134.9
Northern Ireland,2022 Q4 (end December),Thousands,Light goods vehicles,75,4.5,3.7,53.5,1.1,137.8
Northern Ireland,2023 Q4 (end December),Thousands,Light goods vehicles,77.3,4.9,3.4,56,1.1,142.7
Northern Ireland,2024 Q4 (end December),Thousands,Light goods vehicles,79.7,5.3,3.1,58.4,1.1,147.7
Northern Ireland,2025 Q4 (end December),Thousands,Light goods vehicles,84.1,5.8,2.9,61.1,1.1,155.1
Northern Ireland,2014 Q4 (end December),Thousands,Motorcycles,20.3,1.4,0.6,1.3,0.3,24
Northern Ireland,2015 Q4 (end December),Thousands,Motorcycles,19.4,1,0.8,0.8,0.1,22.2
Northern Ireland,2016 Q4 (end December),Thousands,Motorcycles,19.4,1,0.9,0.7,0.2,22.1
Northern Ireland,2017 Q4 (end December),Thousands,Motorcycles,19.6,1,0.9,0.6,0.1,22.3
Northern Ireland,2018 Q4 (end December),Thousands,Motorcycles,19.6,1.1,1,0.7,0.1,22.5
Northern Ireland,2019 Q4 (end December),Thousands,Motorcycles,20.2,1.1,1,0.7,0.2,23.2
Northern Ireland,2020 Q4 (end December),Thousands,Motorcycles,21.1,1.1,1.1,0.6,0.1,24
Northern Ireland,2021 Q4 (end December),Thousands,Motorcycles,23.1,1.3,1,0.7,0.2,26.3
Northern Ireland,2022 Q4 (end December),Thousands,Motorcycles,23.1,1.2,1.1,0.6,0.1,26.1
Northern Ireland,2023 Q4 (end December),Thousands,Motorcycles,23.3,1.2,1.1,0.6,0.2,26.4
Northern Ireland,2024 Q4 (end December),Thousands,Motorcycles,23.4,1.1,1.1,0.6,0.1,26.3
Northern Ireland,2025 Q4 (end December),Thousands,Motorcycles,24.3,1.1,1.1,0.5,0.1,27.2
Northern Ireland,2014 Q4 (end December),Thousands,Other vehicles,22.7,0.5,0.3,5.5,0.2,29.1
Northern Ireland,2015 Q4 (end December),Thousands,Other vehicles,23,0.5,0.4,5.6,0.1,29.5
Northern Ireland,2016 Q4 (end December),Thousands,Other vehicles,23.7,0.6,0.4,5.9,0.1,30.7
Northern Ireland,2017 Q4 (end December),Thousands,Other vehicles,25.9,0.6,0.5,6.4,0.1,33.6
Northern Ireland,2018 Q4 (end December),Thousands,Other vehicles,26.7,0.7,0.6,6.8,0.1,35
Northern Ireland,2019 Q4 (end December),Thousands,Other vehicles,27.5,0.7,0.7,6.9,0.1,35.8
Northern Ireland,2020 Q4 (end December),Thousands,Other vehicles,27.9,0.7,0.7,7.3,0.1,36.7
Northern Ireland,2021 Q4 (end December),Thousands,Other vehicles,29.2,0.7,0.7,7.9,0.1,38.7
Northern Ireland,2022 Q4 (end December),Thousands,Other vehicles,29.9,0.8,0.8,8.4,0.1,40
Northern Ireland,2023 Q4 (end December),Thousands,Other vehicles,30.4,0.8,0.8,8.9,0.1,41
Northern Ireland,2024 Q4 (end December),Thousands,Other vehicles,30.9,0.9,0.8,9.4,0.1,42
Northern Ireland,2025 Q4 (end December),Thousands,Other vehicles,31.4,0.9,0.8,10,0.1,43.3
Northern Ireland,2014 Q4 (end December),Thousands,Total,551.5,315.2,48.1,140.7,21.3,"1,076.70"
Northern Ireland,2015 Q4 (end December),Thousands,Total,556.3,324,56,143.7,17,"1,096.90"
Northern Ireland,2016 Q4 (end December),Thousands,Total,569,335.8,61,150.5,15.1,"1,131.40"
Northern Ireland,2017 Q4 (end December),Thousands,Total,579.3,345,63.8,155.3,15,"1,158.30"
Northern Ireland,2018 Q4 (end December),Thousands,Total,587.3,353.7,66.2,158.2,15.2,"1,180.50"
Northern Ireland,2019 Q4 (end December),Thousands,Total,600.5,363.7,66.9,162.1,14.6,"1,207.70"
Northern Ireland,2020 Q4 (end December),Thousands,Total,610.9,371.5,64.2,160.1,12.4,"1,219.10"
Northern Ireland,2021 Q4 (end December),Thousands,Total,621.5,377.5,60,166,15.5,"1,240.50"
Northern Ireland,2022 Q4 (end December),Thousands,Total,624.9,382.7,57.9,170.4,15.3,"1,251.20"
Northern Ireland,2023 Q4 (end December),Thousands,Total,634.5,389.5,55.9,179.1,15,"1,274.10"
Northern Ireland,2024 Q4 (end December),Thousands,Total,643.7,396.4,53.6,189.4,15.3,"1,298.40"
Northern Ireland,2025 Q4 (end December),Thousands,Total,660.5,405.9,52.1,199.1,16.3,"1,333.80"
United Kingdom,2014 Q4 (end December),Thousands,Buses and coaches,25.7,3.9,2,134.6,1.6,167.8
United Kingdom,2015 Q4 (end December),Thousands,Buses and coaches,25.5,4,2,134.3,1.4,167.2
United Kingdom,2016 Q4 (end December),Thousands,Buses and coaches,25.5,4,2.1,133.9,1.6,167.1
United Kingdom,2017 Q4 (end December),Thousands,Buses and coaches,24.9,4,1.9,131.7,1.6,164
United Kingdom,2018 Q4 (end December),Thousands,Buses and coaches,24.1,3.9,1.9,129,1.6,160.5
United Kingdom,2019 Q4 (end December),Thousands,Buses and coaches,23.4,3.8,1.8,126.9,1.5,157.5
United Kingdom,2020 Q4 (end December),Thousands,Buses and coaches,22.1,3.8,1.5,112.8,1.4,141.5
United Kingdom,2021 Q4 (end December),Thousands,Buses and coaches,23.4,4.1,1.4,115.4,1.5,145.7
United Kingdom,2022 Q4 (end December),Thousands,Buses and coaches,22.8,3.9,1.3,113.9,1.3,143.2
United Kingdom,2023 Q4 (end December),Thousands,Buses and coaches,21.6,3.8,1.2,113.7,1.1,141.3
United Kingdom,2024 Q4 (end December),Thousands,Buses and coaches,20.5,3.5,1.1,116.5,1.3,142.9
United Kingdom,2025 Q4 (end December),Thousands,Buses and coaches,19.9,3.4,0.9,118,1,143.2
United Kingdom,2014 Q4 (end December),Thousands,Cars,"15,358.70","10,425.20","1,409.90","2,614.40",522,"30,330.20"
United Kingdom,2015 Q4 (end December),Thousands,Cars,"15,595.80","10,618.80","1,462.20","2,712.30",598.5,"30,987.50"
United Kingdom,2016 Q4 (end December),Thousands,Cars,"15,929.90","10,892.90","1,503.80","2,847.30",618.4,"31,792.30"
United Kingdom,2017 Q4 (end December),Thousands,Cars,"16,075.70","11,082.30","1,506.50","2,863.70",631.8,"32,159.90"
United Kingdom,2018 Q4 (end December),Thousands,Cars,"16,225.00","11,261.70","1,499.50","2,862.40",644.7,"32,493.30"
United Kingdom,2019 Q4 (end December),Thousands,Cars,"16,446.80","11,477.00","1,486.50","2,828.10",645.9,"32,884.30"
United Kingdom,2020 Q4 (end December),Thousands,Cars,"16,459.00","11,564.50","1,436.70","2,666.80",570.4,"32,697.40"
United Kingdom,2021 Q4 (end December),Thousands,Cars,"16,514.90","11,640.90","1,398.00","2,675.10",660.5,"32,889.50"
United Kingdom,2022 Q4 (end December),Thousands,Cars,"16,593.10","11,727.00","1,384.60","2,827.60",655,"33,187.30"
United Kingdom,2023 Q4 (end December),Thousands,Cars,"16,703.60","11,837.30","1,385.00","3,005.60",648.5,"33,579.90"
United Kingdom,2024 Q4 (end December),Thousands,Cars,"16,846.60","11,961.80","1,369.80","3,151.70",636.6,"33,966.60"
United Kingdom,2025 Q4 (end December),Thousands,Cars,"17,020.30","12,111.10","1,361.00","3,360.20",632.8,"34,485.50"
United Kingdom,2014 Q4 (end December),Thousands,Heavy goods vehicles,67.8,20.4,5.5,393.3,6.6,493.7
United Kingdom,2015 Q4 (end December),Thousands,Heavy goods vehicles,68.4,21,5.9,400.7,6.2,502.1
United Kingdom,2016 Q4 (end December),Thousands,Heavy goods vehicles,70.1,21.7,6.2,412.1,7,517
United Kingdom,2017 Q4 (end December),Thousands,Heavy goods vehicles,71.1,22.2,6.2,416.4,7.3,523.2
United Kingdom,2018 Q4 (end December),Thousands,Heavy goods vehicles,71.7,22.3,6.3,416,8.2,524.5
United Kingdom,2019 Q4 (end December),Thousands,Heavy goods vehicles,72.1,22.6,6.1,417.6,7.2,525.7
United Kingdom,2020 Q4 (end December),Thousands,Heavy goods vehicles,68.4,21.7,5.6,406.6,7.7,510
United Kingdom,2021 Q4 (end December),Thousands,Heavy goods vehicles,72.5,22.6,5.4,421,7.8,529.2
United Kingdom,2022 Q4 (end December),Thousands,Heavy goods vehicles,72.9,22.4,5,428.8,7.3,536.5
United Kingdom,2023 Q4 (end December),Thousands,Heavy goods vehicles,72.7,22.1,4.8,428.1,7.2,535
United Kingdom,2024 Q4 (end December),Thousands,Heavy goods vehicles,73.3,21.9,4.6,427.4,7,534.3
United Kingdom,2025 Q4 (end December),Thousands,Heavy goods vehicles,74.9,22,4.5,429.8,6.3,537.5
United Kingdom,2014 Q4 (end December),Thousands,Light goods vehicles,"1,604.60",150.9,81,"1,654.60",54.7,"3,545.80"
United Kingdom,2015 Q4 (end December),Thousands,Light goods vehicles,"1,656.00",160.4,88.8,"1,743.90",60.1,"3,709.20"
United Kingdom,2016 Q4 (end December),Thousands,Light goods vehicles,"1,725.70",171.5,95.2,"1,831.50",66,"3,889.80"
United Kingdom,2017 Q4 (end December),Thousands,Light goods vehicles,"1,772.50",181,97.9,"1,890.40",69.6,"4,011.40"
United Kingdom,2018 Q4 (end December),Thousands,Light goods vehicles,"1,816.60",191.7,98.5,"1,950.20",70.6,"4,127.60"
United Kingdom,2019 Q4 (end December),Thousands,Light goods vehicles,"1,874.40",203.9,95.5,"2,000.40",72.2,"4,246.40"
United Kingdom,2020 Q4 (end December),Thousands,Light goods vehicles,"1,939.60",214.3,87.6,"2,032.70",74.3,"4,348.50"
United Kingdom,2021 Q4 (end December),Thousands,Light goods vehicles,"2,004.00",233,81.9,"2,144.70",77.5,"4,541.10"
United Kingdom,2022 Q4 (end December),Thousands,Light goods vehicles,"2,026.90",246.1,76.4,"2,199.60",74.9,"4,623.90"
United Kingdom,2023 Q4 (end December),Thousands,Light goods vehicles,"2,041.70",258.8,71.9,"2,260.20",77.7,"4,710.30"
United Kingdom,2024 Q4 (end December),Thousands,Light goods vehicles,"2,081.60",272.9,69.1,"2,290.10",83.2,"4,797.00"
United Kingdom,2025 Q4 (end December),Thousands,Light goods vehicles,"2,143.50",289.6,66.7,"2,311.20",75.8,"4,886.90"
United Kingdom,2014 Q4 (end December),Thousands,Motorcycles,"1,063.30",71.7,44.6,34.2,16.8,"1,230.60"
United Kingdom,2015 Q4 (end December),Thousands,Motorcycles,"1,077.90",71,48.1,33.3,12.7,"1,242.90"
United Kingdom,2016 Q4 (end December),Thousands,Motorcycles,"1,099.00",70.9,51.3,36.1,12.9,"1,270.20"
United Kingdom,2017 Q4 (end December),Thousands,Motorcycles,"1,087.40",68.9,51.9,34.5,13.3,"1,255.90"
United Kingdom,2018 Q4 (end December),Thousands,Motorcycles,"1,099.30",67.3,51.6,33.7,13.2,"1,265.10"
United Kingdom,2019 Q4 (end December),Thousands,Motorcycles,"1,100.90",65.2,59.9,34.2,13.3,"1,273.40"
United Kingdom,2020 Q4 (end December),Thousands,Motorcycles,"1,121.40",64.3,67.2,32.5,12.4,"1,297.80"
United Kingdom,2021 Q4 (end December),Thousands,Motorcycles,"1,155.10",66.1,69.2,35.8,15.4,"1,341.60"
United Kingdom,2022 Q4 (end December),Thousands,Motorcycles,"1,170.30",67.3,71.5,39.2,15.4,"1,363.70"
United Kingdom,2023 Q4 (end December),Thousands,Motorcycles,"1,160.20",66.5,72,40.9,14.3,"1,353.90"
United Kingdom,2024 Q4 (end December),Thousands,Motorcycles,"1,160.50",66,74.7,40,13.9,"1,355.10"
United Kingdom,2025 Q4 (end December),Thousands,Motorcycles,"1,171.20",66.6,72.7,36.9,12.9,"1,360.30"
United Kingdom,2014 Q4 (end December),Thousands,Other vehicles,295.2,35.4,16.7,362.4,15.9,725.7
United Kingdom,2015 Q4 (end December),Thousands,Other vehicles,299,37,16.9,371.4,11.2,735.5
United Kingdom,2016 Q4 (end December),Thousands,Other vehicles,303.4,38.7,17.1,381.9,10.8,751.9
United Kingdom,2017 Q4 (end December),Thousands,Other vehicles,311.7,40.2,17.4,393.9,15.6,778.8
United Kingdom,2018 Q4 (end December),Thousands,Other vehicles,315.5,41.7,17.3,402.6,16.4,793.5
United Kingdom,2019 Q4 (end December),Thousands,Other vehicles,318.3,43,17.6,409.7,14.6,803.2
United Kingdom,2020 Q4 (end December),Thousands,Other vehicles,318.5,44.4,17.9,411.3,13.7,805.7
United Kingdom,2021 Q4 (end December),Thousands,Other vehicles,322.5,45.8,18,428.3,13.1,827.7
United Kingdom,2022 Q4 (end December),Thousands,Other vehicles,324.5,47.3,18.5,438.5,14.2,843.1
United Kingdom,2023 Q4 (end December),Thousands,Other vehicles,324.2,48.6,18.8,448.9,14.4,854.8
United Kingdom,2024 Q4 (end December),Thousands,Other vehicles,325.6,50.2,18.9,460.1,13.6,868.5
United Kingdom,2025 Q4 (end December),Thousands,Other vehicles,325.5,51.7,18.9,460.2,13.8,870.2
United Kingdom,2014 Q4 (end December),Thousands,Total,"18,415.40","10,707.50","1,559.90","5,193.40",617.6,"36,493.80"
United Kingdom,2015 Q4 (end December),Thousands,Total,"18,722.50","10,912.20","1,623.90","5,395.90",690,"37,344.50"
United Kingdom,2016 Q4 (end December),Thousands,Total,"19,153.50","11,199.70","1,675.60","5,642.80",716.6,"38,388.20"
United Kingdom,2017 Q4 (end December),Thousands,Total,"19,343.20","11,398.60","1,681.80","5,730.60",739.2,"38,893.30"
United Kingdom,2018 Q4 (end December),Thousands,Total,"19,552.10","11,588.60","1,675.10","5,794.00",754.8,"39,364.60"
United Kingdom,2019 Q4 (end December),Thousands,Total,"19,835.80","11,815.60","1,667.50","5,816.90",754.7,"39,890.50"
United Kingdom,2020 Q4 (end December),Thousands,Total,"19,928.90","11,912.90","1,616.40","5,662.70",680,"39,800.90"
United Kingdom,2021 Q4 (end December),Thousands,Total,"20,092.30","12,012.40","1,574.00","5,820.40",775.7,"40,274.80"
United Kingdom,2022 Q4 (end December),Thousands,Total,"20,210.60","12,114.00","1,557.50","6,047.60",768.1,"40,697.70"
United Kingdom,2023 Q4 (end December),Thousands,Total,"20,324.10","12,237.10","1,553.70","6,297.30",763.1,"41,175.30"
United Kingdom,2024 Q4 (end December),Thousands,Total,"20,508.20","12,376.50","1,538.20","6,485.80",755.7,"41,664.40"
United Kingdom,2025 Q4 (end December),Thousands,Total,"20,755.40","12,544.40","1,524.70","6,716.30",742.7,"42,283.50"
